/*
SQLyog Professional v12.08 (64 bit)
MySQL - 5.7.34 : Database - ypg
*********************************************************************
*/

/*!40101 SET NAMES utf8 */;

/*!40101 SET SQL_MODE=''*/;

/*!40014 SET @OLD_UNIQUE_CHECKS=@@UNIQUE_CHECKS, UNIQUE_CHECKS=0 */;
/*!40014 SET @OLD_FOREIGN_KEY_CHECKS=@@FOREIGN_KEY_CHECKS, FOREIGN_KEY_CHECKS=0 */;
/*!40101 SET @OLD_SQL_MODE=@@SQL_MODE, SQL_MODE='NO_AUTO_VALUE_ON_ZERO' */;
/*!40111 SET @OLD_SQL_NOTES=@@SQL_NOTES, SQL_NOTES=0 */;
CREATE DATABASE /*!32312 IF NOT EXISTS*/`ypg` /*!40100 DEFAULT CHARACTER SET utf8 */;

USE `ypg`;

/*Table structure for table `tb_address` */

DROP TABLE IF EXISTS `tb_address`;

CREATE TABLE `tb_address` (
  `id` int(10) unsigned NOT NULL AUTO_INCREMENT,
  `user_id` int(10) unsigned NOT NULL COMMENT '用户ID',
  `shr_name` varchar(255) COLLATE utf8_unicode_ci NOT NULL COMMENT '收货人姓名',
  `shr_mobile` varchar(255) COLLATE utf8_unicode_ci NOT NULL COMMENT '收货人手机',
  `shr_province` varchar(255) COLLATE utf8_unicode_ci NOT NULL COMMENT '收货人省份',
  `shr_city` varchar(255) COLLATE utf8_unicode_ci NOT NULL COMMENT '收货人城市',
  `shr_area` varchar(255) COLLATE utf8_unicode_ci NOT NULL COMMENT '收货人地区',
  `shr_address` varchar(255) COLLATE utf8_unicode_ci NOT NULL COMMENT '收货人详情地址',
  `isdefault` int(11) NOT NULL DEFAULT '0' COMMENT '1:默认;0:不是',
  PRIMARY KEY (`id`) USING BTREE
) ENGINE=InnoDB AUTO_INCREMENT=4 DEFAULT CHARSET=utf8 COLLATE=utf8_unicode_ci ROW_FORMAT=COMPACT;

/*Data for the table `tb_address` */

insert  into `tb_address`(`id`,`user_id`,`shr_name`,`shr_mobile`,`shr_province`,`shr_city`,`shr_area`,`shr_address`,`isdefault`) values (1,20,'小明','13344445555','江苏省','宿迁市','沭阳县','常州路57号',0),(2,20,'三毛','13344445556','江苏省','苏州市','高新区','青山绿庭',1),(3,20,'小明','13344445555','江苏省','宿迁市','沭阳县','奥韵都城',1);

/*Table structure for table `tb_admin` */

DROP TABLE IF EXISTS `tb_admin`;

CREATE TABLE `tb_admin` (
  `id` int(10) unsigned NOT NULL AUTO_INCREMENT,
  `created_at` timestamp NULL DEFAULT NULL,
  `updated_at` timestamp NULL DEFAULT NULL,
  `username` varchar(255) COLLATE utf8_unicode_ci NOT NULL COMMENT '账号',
  `password` char(60) COLLATE utf8_unicode_ci NOT NULL COMMENT '密码',
  PRIMARY KEY (`id`) USING BTREE,
  KEY `admins_account_index` (`username`) USING BTREE
) ENGINE=InnoDB AUTO_INCREMENT=2 DEFAULT CHARSET=utf8 COLLATE=utf8_unicode_ci ROW_FORMAT=COMPACT;

/*Data for the table `tb_admin` */

insert  into `tb_admin`(`id`,`created_at`,`updated_at`,`username`,`password`) values (1,NULL,NULL,'root','123456');

/*Table structure for table `tb_brand` */

DROP TABLE IF EXISTS `tb_brand`;

CREATE TABLE `tb_brand` (
  `id` int(20) NOT NULL AUTO_INCREMENT COMMENT '品牌id',
  `brand_name` varchar(50) NOT NULL COMMENT '品牌名称',
  `logo` varchar(200) DEFAULT '' COMMENT '品牌图片地址',
  PRIMARY KEY (`id`) USING BTREE
) ENGINE=InnoDB AUTO_INCREMENT=325435 DEFAULT CHARSET=utf8 ROW_FORMAT=COMPACT COMMENT='品牌表，一个品牌下有多个商品（spu），一对多关系';

/*Data for the table `tb_brand` */

insert  into `tb_brand`(`id`,`brand_name`,`logo`) values (1115,'HTC','http://img10.360buyimg.com/popshop/jfs/t2119/133/2264148064/4303/b8ab3755/56b2f385N8e4eb051.jpg'),(1528,'LG','http://img10.360buyimg.com/popshop/jfs/t2119/133/2264148064/4303/b8ab3755/56b2f385N8e4eb051.jpg'),(1912,'NEC','http://img10.360buyimg.com/popshop/jfs/t2119/133/2264148064/4303/b8ab3755/56b2f385N8e4eb051.jpg'),(2032,'OPPO','http://img10.360buyimg.com/popshop/jfs/t2119/133/2264148064/4303/b8ab3755/56b2f385N8e4eb051.jpg'),(2505,'TCL','http://img10.360buyimg.com/popshop/jfs/t2119/133/2264148064/4303/b8ab3755/56b2f385N8e4eb051.jpg'),(3177,'爱贝多','http://img10.360buyimg.com/popshop/jfs/t2119/133/2264148064/4303/b8ab3755/56b2f385N8e4eb051.jpg'),(3539,'安桥（ONKYO）','http://img10.360buyimg.com/popshop/jfs/t2119/133/2264148064/4303/b8ab3755/56b2f385N8e4eb051.jpg'),(3941,'白金（PLATINUM）','http://img12.360buyimg.com/popshop/jfs/t18361/122/1318410299/1870/36fe70c9/5ac43a4dNa44a0ce0.jpg'),(4986,'波导（BiRD）','http://img12.360buyimg.com/popshop/jfs/t18361/122/1318410299/1870/36fe70c9/5ac43a4dNa44a0ce0.jpg'),(6522,'朵唯（DOOV）','http://img12.360buyimg.com/popshop/jfs/t18361/122/1318410299/1870/36fe70c9/5ac43a4dNa44a0ce0.jpg'),(6742,'飞利浦（PHILIPS）','http://img12.360buyimg.com/popshop/jfs/t18361/122/1318410299/1870/36fe70c9/5ac43a4dNa44a0ce0.jpg'),(7174,'富可视（InFocus）','http://img12.360buyimg.com/popshop/jfs/t18361/122/1318410299/1870/36fe70c9/5ac43a4dNa44a0ce0.jpg'),(7203,'富士通（Fujitsu）','http://img12.360buyimg.com/popshop/jfs/t18361/122/1318410299/1870/36fe70c9/5ac43a4dNa44a0ce0.jpg'),(7420,'格力（GREE）','http://img12.360buyimg.com/popshop/jfs/t18361/122/1318410299/1870/36fe70c9/5ac43a4dNa44a0ce0.jpg'),(7817,'海尔（Haier）','http://img12.360buyimg.com/popshop/jfs/t18361/122/1318410299/1870/36fe70c9/5ac43a4dNa44a0ce0.jpg'),(7888,'海信（Hisense）','http://img12.360buyimg.com/popshop/jfs/t18361/122/1318410299/1870/36fe70c9/5ac43a4dNa44a0ce0.jpg'),(8214,'黑莓（BlackBerry）','http://img12.360buyimg.com/popshop/jfs/t18361/122/1318410299/1870/36fe70c9/5ac43a4dNa44a0ce0.jpg'),(8551,'华硕（ASUS）','http://img12.360buyimg.com/popshop/jfs/t18361/122/1318410299/1870/36fe70c9/5ac43a4dNa44a0ce0.jpg'),(8557,'华为（HUAWEI）','http://img10.360buyimg.com/popshop/jfs/t5662/36/8888655583/7806/1c629c01/598033b4Nd6055897.jpg'),(8740,'惠普（HP）','http://img12.360buyimg.com/popshop/jfs/t18361/122/1318410299/1870/36fe70c9/5ac43a4dNa44a0ce0.jpg'),(9420,'金立（Gionee）','http://img12.360buyimg.com/popshop/jfs/t18361/122/1318410299/1870/36fe70c9/5ac43a4dNa44a0ce0.jpg'),(9637,'京瓷（KYOCERA）','http://img10.360buyimg.com/popshop/jfs/t2119/133/2264148064/4303/b8ab3755/56b2f385N8e4eb051.jpg'),(10317,'康佳（KONKA）','http://img12.360buyimg.com/popshop/jfs/t18361/122/1318410299/1870/36fe70c9/5ac43a4dNa44a0ce0.jpg'),(10640,'酷派（Coolpad）','http://img12.360buyimg.com/popshop/jfs/t18361/122/1318410299/1870/36fe70c9/5ac43a4dNa44a0ce0.jpg'),(12286,'漫步者（EDIFIER）','http://img13.360buyimg.com/popshop/jfs/t3511/131/31887105/4943/48f83fa9/57fdf4b8N6e95624d.jpg'),(12669,'魅族（MEIZU）','http://img13.360buyimg.com/popshop/jfs/t3511/131/31887105/4943/48f83fa9/57fdf4b8N6e95624d.jpg'),(13066,'摩托罗拉（Motorola）','http://img13.360buyimg.com/popshop/jfs/t3511/131/31887105/4943/48f83fa9/57fdf4b8N6e95624d.jpg'),(13539,'诺基亚（NOKIA）','http://img11.360buyimg.com/popshop/jfs/t2572/102/189476501/7717/16cc5814/563b33d4N6c59780c.jpg'),(14026,'Apple','http://img12.360buyimg.com/popshop/jfs/t2989/240/151377693/3895/30ad9044/574d36dbN262ef26d.jpg'),(14478,'青橙（GreenOrange）','http://img13.360buyimg.com/popshop/jfs/t3511/131/31887105/4943/48f83fa9/57fdf4b8N6e95624d.jpg'),(15127,'三星（SAMSUNG）','http://img14.360buyimg.com/popshop/jfs/t2701/34/484677369/7439/ee13e8fa/5716e2c4Nc925baf3.jpg'),(15539,'神舟（HASEE）','http://img14.360buyimg.com/popshop/jfs/t2701/34/484677369/7439/ee13e8fa/5716e2c4Nc925baf3.jpg'),(16506,'索爱（soaiy）','http://img14.360buyimg.com/popshop/jfs/t2701/34/484677369/7439/ee13e8fa/5716e2c4Nc925baf3.jpg'),(16538,'索尼（SONY）','http://img14.360buyimg.com/popshop/jfs/t2701/34/484677369/7439/ee13e8fa/5716e2c4Nc925baf3.jpg'),(16975,'天语（K-Touch）','http://img14.360buyimg.com/popshop/jfs/t2701/34/484677369/7439/ee13e8fa/5716e2c4Nc925baf3.jpg'),(17193,'外星人（Alienware）','http://img14.360buyimg.com/popshop/jfs/t2701/34/484677369/7439/ee13e8fa/5716e2c4Nc925baf3.jpg'),(17424,'威图','http://img14.360buyimg.com/popshop/jfs/t2701/34/484677369/7439/ee13e8fa/5716e2c4Nc925baf3.jpg'),(17440,'微软（Microsoft）','http://img14.360buyimg.com/popshop/jfs/t2701/34/484677369/7439/ee13e8fa/5716e2c4Nc925baf3.jpg'),(18078,'NAMO','http://img14.360buyimg.com/popshop/jfs/t2701/34/484677369/7439/ee13e8fa/5716e2c4Nc925baf3.jpg'),(18362,'小辣椒','http://img14.360buyimg.com/popshop/jfs/t2701/34/484677369/7439/ee13e8fa/5716e2c4Nc925baf3.jpg'),(18374,'小米（MI）','http://img10.360buyimg.com/popshop/jfs/t7084/169/439244907/4647/724c7958/598042c9N6e4e79e5.jpg'),(20130,'优思（Uniscope）','http://img10.360buyimg.com/popshop/jfs/t7084/169/439244907/4647/724c7958/598042c9N6e4e79e5.jpg'),(20710,'长虹（CHANGHONG）','http://img10.360buyimg.com/popshop/jfs/t7084/169/439244907/4647/724c7958/598042c9N6e4e79e5.jpg'),(21011,'中兴（ZTE）','http://img10.360buyimg.com/popshop/jfs/t7084/169/439244907/4647/724c7958/598042c9N6e4e79e5.jpg'),(21360,'beats','http://img10.360buyimg.com/popshop/jfs/t7084/169/439244907/4647/724c7958/598042c9N6e4e79e5.jpg'),(21553,'本易（BENEVE）','http://img10.360buyimg.com/popshop/jfs/t7084/169/439244907/4647/724c7958/598042c9N6e4e79e5.jpg'),(22261,'tonino lamborghini','http://img10.360buyimg.com/popshop/jfs/t7084/169/439244907/4647/724c7958/598042c9N6e4e79e5.jpg'),(22575,'布鲁雅尔（Blueair）','http://img10.360buyimg.com/popshop/jfs/t7084/169/439244907/4647/724c7958/598042c9N6e4e79e5.jpg'),(23049,'广信（KINGSUN）','http://img10.360buyimg.com/popshop/jfs/t7084/169/439244907/4647/724c7958/598042c9N6e4e79e5.jpg'),(23130,'夏普（SHARP）','http://img10.360buyimg.com/popshop/jfs/t7084/169/439244907/4647/724c7958/598042c9N6e4e79e5.jpg'),(25376,'马歇尔（Marshall）','http://img10.360buyimg.com/popshop/jfs/t7084/169/439244907/4647/724c7958/598042c9N6e4e79e5.jpg'),(25591,'vivo','http://img10.360buyimg.com/popshop/jfs/t7084/169/439244907/4647/724c7958/598042c9N6e4e79e5.jpg'),(27094,'努比亚（nubia）','http://img14.360buyimg.com/popshop/jfs/t2101/155/882410684/3730/b24b14db/5631cd12N7548352d.jpg'),(27306,'360','http://img10.360buyimg.com/popshop/jfs/t5182/149/2437584670/15334/2e1ebf3/591aa1abN602ebecf.jpg'),(32315,'其他','http://img10.360buyimg.com/popshop/jfs/t7084/169/439244907/4647/724c7958/598042c9N6e4e79e5.jpg'),(36404,'金圣达（GRSED）','http://img10.360buyimg.com/popshop/jfs/t7084/169/439244907/4647/724c7958/598042c9N6e4e79e5.jpg'),(36652,'贝尔丰（BIFER）','http://img10.360buyimg.com/popshop/jfs/t7084/169/439244907/4647/724c7958/598042c9N6e4e79e5.jpg'),(36654,'大显（DaXian）','http://img10.360buyimg.com/popshop/jfs/t7084/169/439244907/4647/724c7958/598042c9N6e4e79e5.jpg'),(36657,'朗界（RugGear）','http://img10.360buyimg.com/popshop/jfs/t7084/169/439244907/4647/724c7958/598042c9N6e4e79e5.jpg'),(38125,'SUGAR','http://img10.360buyimg.com/popshop/jfs/t7084/169/439244907/4647/724c7958/598042c9N6e4e79e5.jpg'),(38126,'美图（meitu）','http://img14.360buyimg.com/popshop/jfs/t3553/225/1930378991/5787/c2ebdd72/5836e479N88a98abb.jpg'),(38605,'MANN','http://img14.360buyimg.com/popshop/jfs/t3553/225/1930378991/5787/c2ebdd72/5836e479N88a98abb.jpg'),(43644,'21KE','http://img14.360buyimg.com/popshop/jfs/t3553/225/1930378991/5787/c2ebdd72/5836e479N88a98abb.jpg'),(45227,'易百年','http://img14.360buyimg.com/popshop/jfs/t3553/225/1930378991/5787/c2ebdd72/5836e479N88a98abb.jpg'),(45693,'威途（vertu）','http://img14.360buyimg.com/popshop/jfs/t3553/225/1930378991/5787/c2ebdd72/5836e479N88a98abb.jpg'),(45757,'欧奇（ouki）','http://img14.360buyimg.com/popshop/jfs/t3553/225/1930378991/5787/c2ebdd72/5836e479N88a98abb.jpg'),(49144,'SPIGEN','http://img14.360buyimg.com/popshop/jfs/t3553/225/1930378991/5787/c2ebdd72/5836e479N88a98abb.jpg'),(50450,'亿和源（YHYON）','http://img14.360buyimg.com/popshop/jfs/t3553/225/1930378991/5787/c2ebdd72/5836e479N88a98abb.jpg'),(51040,'BIHEE','http://img14.360buyimg.com/popshop/jfs/t3553/225/1930378991/5787/c2ebdd72/5836e479N88a98abb.jpg'),(52302,'优购（UooGou）','http://img14.360buyimg.com/popshop/jfs/t3553/225/1930378991/5787/c2ebdd72/5836e479N88a98abb.jpg'),(53317,'迪美（DIM）','http://img14.360buyimg.com/popshop/jfs/t3553/225/1930378991/5787/c2ebdd72/5836e479N88a98abb.jpg'),(54347,'尼凯恩（neken）','http://img14.360buyimg.com/popshop/jfs/t3553/225/1930378991/5787/c2ebdd72/5836e479N88a98abb.jpg'),(55524,'B&O PLAY','http://img14.360buyimg.com/popshop/jfs/t3553/225/1930378991/5787/c2ebdd72/5836e479N88a98abb.jpg'),(56411,'誉品（YEPEN）','http://img14.360buyimg.com/popshop/jfs/t3553/225/1930378991/5787/c2ebdd72/5836e479N88a98abb.jpg'),(59110,'诺亚信（NOAIN）','http://img14.360buyimg.com/popshop/jfs/t3553/225/1930378991/5787/c2ebdd72/5836e479N88a98abb.jpg'),(60106,'奥乐迪奥（AoleDior）','http://img14.360buyimg.com/popshop/jfs/t3553/225/1930378991/5787/c2ebdd72/5836e479N88a98abb.jpg'),(63032,'一加','http://img14.360buyimg.com/popshop/jfs/t3553/225/1930378991/5787/c2ebdd72/5836e479N88a98abb.jpg'),(63833,'雷蛇（Razer）','http://img14.360buyimg.com/popshop/jfs/t3553/225/1930378991/5787/c2ebdd72/5836e479N88a98abb.jpg'),(68927,'詹姆士（GERMY）','http://img14.360buyimg.com/popshop/jfs/t3553/225/1930378991/5787/c2ebdd72/5836e479N88a98abb.jpg'),(89010,'纽曼（Newman）','http://img14.360buyimg.com/popshop/jfs/t3553/225/1930378991/5787/c2ebdd72/5836e479N88a98abb.jpg'),(91515,'锤子（smartisan）','http://img14.360buyimg.com/popshop/jfs/t3553/225/1930378991/5787/c2ebdd72/5836e479N88a98abb.jpg'),(102501,'赛博宇华（SOP）','http://img14.360buyimg.com/popshop/jfs/t3553/225/1930378991/5787/c2ebdd72/5836e479N88a98abb.jpg'),(104490,'谷歌（Google）','http://img14.360buyimg.com/popshop/jfs/t3553/225/1930378991/5787/c2ebdd72/5836e479N88a98abb.jpg'),(109150,'爱贝多（Babyfit）','http://img14.360buyimg.com/popshop/jfs/t3553/225/1930378991/5787/c2ebdd72/5836e479N88a98abb.jpg'),(110303,'万利达（Malata）',''),(113718,'优它（YOTAPHONE）',''),(114119,'TETC',''),(123856,'炫华（xuanhua）',''),(128080,'托尼洛·兰博基尼（Tonino Lamborghini）',''),(129098,'木糖醇（MuTuCu）',''),(130455,'爱玛（EMMA）',''),(131546,'硕尼姆（Sonim）',''),(133747,'CAT',''),(134922,'ZUK',''),(135967,'sungee',''),(149070,'AGM',''),(151370,'SOYES',''),(151844,'KODAK',''),(155608,'施耐德（schneider）',''),(159313,'MOQI',''),(174275,'Essentials',''),(178969,'SAMWEI',''),(179105,'小霸王（SUBOR）',''),(179528,'VETAS',''),(179624,'优学派',''),(180213,'纽曼（Newman）',''),(194213,'DEVIALET',''),(196065,'SHANGPREE',''),(197126,'IMOO',''),(203084,'FNNI',''),(204089,'小格雷',''),(205278,'COTTEE',''),(209178,'YAAO',''),(214915,'纽曼',''),(219484,'CONQUEST',''),(221149,'铂爵（BIOJUET）',''),(222294,'荣耀',''),(223023,'保千里（PROTRULY）',''),(223199,'Blu',''),(223316,'unruly',''),(225085,'Tonino Lamborghini',''),(228280,'守护宝',''),(233984,'8848',''),(234746,'Gold Elite',''),(238798,'HONOR',''),(240112,'BIXING',''),(246053,'锐族',''),(247149,'国美（GOME）',''),(247652,'中兴健康（ZTE Health）',''),(248132,'YOSTAR',''),(249404,'创星',''),(253520,'VERTU',''),(261196,'LBER',''),(261480,'滝风（ION MEDIC）',''),(262180,'梦幻门（MENG HUAN MEN）',''),(262334,'意龍（E&L）',''),(264451,'艾尼卡（Anica）',''),(265247,'DMZ DAMUZHI',''),(267981,'UNNO',''),(271696,'红鸟',''),(276102,'紐萬（Niuwan）',''),(276381,'Podor',''),(276780,'海语（HAIYU）',''),(278268,'YISON',''),(278755,'SOAP',''),(279173,'renebelle',''),(280120,'AKESR',''),(280152,'YOTA',''),(284571,'HOOLFINE',''),(285331,'金柏利',''),(286273,'BLACKPOULO',''),(287292,'SIMPLEWAY',''),(290104,'KaiDC',''),(290682,'奥缇斯（autrise）',''),(302250,'橄榄树（Olive tree）',''),(304654,'HIGE',''),(314866,'360手机',''),(316578,'克里特（kreta）',''),(316596,'HOOLFINE',''),(316618,'RONXS',''),(325396,'飞利浦（PHILIPS）',''),(325398,'比亚兹（ESK）',''),(325399,'亿色(ESR)',''),(325401,'黑马','http://img14.360buyimg.com/popshop/jfs/t3553/225/1930378991/5787/c2ebdd72/5836e479N88a98abb.jpg'),(325402,'chuanzhi','http://img14.360buyimg.com/popshop/jfs/t3553/225/1930378991/5787/c2ebdd72/5836e479N88a98abb.jpg'),(325403,'发斯蒂芬',NULL),(325404,'发斯蒂芬',NULL),(325405,'发斯蒂芬',NULL),(325406,'发斯蒂芬',NULL),(325407,'发斯蒂芬',NULL),(325408,'发斯蒂芬',NULL),(325409,'让他一人一',NULL),(325410,'让他一人一',NULL),(325411,'让他一人一',NULL),(325412,'让他一人一',NULL),(325413,'让他一人一',NULL),(325414,'抑郁',NULL),(325415,'抑郁',NULL),(325416,'抑郁',NULL),(325417,'抑郁',NULL),(325418,'抑郁',NULL),(325419,'抑郁',NULL),(325420,'抑郁',NULL),(325421,'抑郁',NULL),(325422,'抑郁',NULL),(325423,'抑郁',NULL),(325424,'抑郁',NULL),(325425,'抑郁',NULL),(325426,'欧珀',NULL),(325427,'欧珀',NULL),(325428,'欧珀',NULL),(325429,'切勿',NULL),(325430,'让他',NULL),(325431,'让他',NULL),(325432,'亲亲亲',NULL),(325433,'呜呜呜呜',NULL),(325434,'嗯嗯嗯',NULL);

/*Table structure for table `tb_category` */

DROP TABLE IF EXISTS `tb_category`;

CREATE TABLE `tb_category` (
  `id` bigint(20) NOT NULL,
  `cat_name` varchar(20) DEFAULT NULL,
  `parent_id` bigint(20) DEFAULT NULL,
  PRIMARY KEY (`id`) USING BTREE
) ENGINE=InnoDB DEFAULT CHARSET=utf8mb4 ROW_FORMAT=COMPACT;

/*Data for the table `tb_category` */

insert  into `tb_category`(`id`,`cat_name`,`parent_id`) values (1,'图书、音像、电子书刊',0),(2,'电子书刊',1),(3,'电子书',2),(4,'网络原创',2),(5,'数字杂志',2),(6,'多媒体图书',2),(7,'音像',1),(8,'音乐',7),(9,'影视',7),(10,'教育音像',7),(11,'英文原版',1),(12,'少儿',11),(13,'商务投资',11),(14,'英语学习与考试',11),(15,'文学',11),(16,'传记',11),(17,'励志',11),(18,'文艺',1),(19,'小说',18),(20,'文学',18),(21,'青春文学',18),(22,'传记',18),(23,'艺术',18),(24,'少儿',1),(25,'少儿',24),(26,'0-2岁',24),(27,'3-6岁',24),(28,'7-10岁',24),(29,'11-14岁',24),(30,'人文社科',1),(31,'历史',30),(32,'哲学',30),(33,'国学',30),(34,'政治/军事',30),(35,'法律',30),(36,'人文社科',30),(37,'心理学',30),(38,'文化',30),(39,'社会科学',30),(40,'经管励志',1),(41,'经济',40),(42,'金融与投资',40),(43,'管理',40),(44,'励志与成功',40),(45,'生活',1),(46,'生活',45),(47,'健身与保健',45),(48,'家庭与育儿',45),(49,'旅游',45),(50,'烹饪美食',45),(51,'科技',1),(52,'工业技术',51),(53,'科普读物',51),(54,'建筑',51),(55,'医学',51),(56,'科学与自然',51),(57,'计算机与互联网',51),(58,'电子通信',51),(59,'教育',1),(60,'中小学教辅',59),(61,'教育与考试',59),(62,'外语学习',59),(63,'大中专教材',59),(64,'字典词典',59),(65,'港台图书',1),(66,'艺术/设计/收藏',65),(67,'经济管理',65),(68,'文化/学术',65),(69,'少儿',65),(70,'其他',1),(71,'工具书',70),(72,'杂志/期刊',70),(73,'套装书',70),(74,'手机',0),(75,'手机通讯',74),(76,'手机',75),(77,'对讲机',75),(78,'运营商',74),(79,'合约机',78),(80,'选号中心',78),(81,'装宽带',78),(82,'办套餐',78),(83,'手机配件',74),(84,'移动电源',83),(85,'电池/移动电源',83),(86,'蓝牙耳机',83),(87,'充电器/数据线',83),(88,'苹果周边',83),(89,'手机耳机',83),(90,'手机贴膜',83),(91,'手机存储卡',83),(92,'充电器',83),(93,'数据线',83),(94,'手机保护套',83),(95,'车载配件',83),(96,'iPhone 配件',83),(97,'手机电池',83),(98,'创意配件',83),(99,'便携/无线音响',83),(100,'手机饰品',83),(101,'拍照配件',83),(102,'手机支架',83),(103,'家用电器',0),(104,'大 家 电',103),(105,'平板电视',104),(106,'空调',104),(107,'冰箱',104),(108,'洗衣机',104),(109,'家庭影院',104),(110,'DVD/电视盒子',104),(111,'迷你音响',104),(112,'冷柜/冰吧',104),(113,'家电配件',104),(114,'功放',104),(115,'回音壁/Soundbar',104),(116,'Hi-Fi专区',104),(117,'电视盒子',104),(118,'酒柜',104),(119,'厨卫大电',103),(120,'燃气灶',119),(121,'油烟机',119),(122,'热水器',119),(123,'消毒柜',119),(124,'洗碗机',119),(125,'厨房小电',103),(126,'料理机',125),(127,'榨汁机',125),(128,'电饭煲',125),(129,'电压力锅',125),(130,'豆浆机',125),(131,'咖啡机',125),(132,'微波炉',125),(133,'电烤箱',125),(134,'电磁炉',125),(135,'面包机',125),(136,'煮蛋器',125),(137,'酸奶机',125),(138,'电炖锅',125),(139,'电水壶/热水瓶',125),(140,'电饼铛',125),(141,'多用途锅',125),(142,'电烧烤炉',125),(143,'果蔬解毒机',125),(144,'其它厨房电器',125),(145,'养生壶/煎药壶',125),(146,'电热饭盒',125),(147,'生活电器',103),(148,'取暖电器',147),(149,'净化器',147),(150,'加湿器',147),(151,'扫地机器人',147),(152,'吸尘器',147),(153,'挂烫机/熨斗',147),(154,'插座',147),(155,'电话机',147),(156,'清洁机',147),(157,'除湿机',147),(158,'干衣机',147),(159,'收录/音机',147),(160,'电风扇',147),(161,'冷风扇',147),(162,'其它生活电器',147),(163,'生活电器配件',147),(164,'净水器',147),(165,'饮水机',147),(166,'个护健康',103),(167,'剃须刀',166),(168,'剃/脱毛器',166),(169,'口腔护理',166),(170,'电吹风',166),(171,'美容器',166),(172,'理发器',166),(173,'卷/直发器',166),(174,'按摩椅',166),(175,'按摩器',166),(176,'足浴盆',166),(177,'血压计',166),(178,'电子秤/厨房秤',166),(179,'血糖仪',166),(180,'体温计',166),(181,'其它健康电器',166),(182,'计步器/脂肪检测仪',166),(183,'五金家装',103),(184,'电动工具',183),(185,'手动工具',183),(186,'仪器仪表',183),(187,'浴霸/排气扇',183),(188,'灯具',183),(189,'LED灯',183),(190,'洁身器',183),(191,'水槽',183),(192,'龙头',183),(193,'淋浴花洒',183),(194,'厨卫五金',183),(195,'家具五金',183),(196,'门铃',183),(197,'电气开关',183),(198,'插座',183),(199,'电工电料',183),(200,'监控安防',183),(201,'电线/线缆',183),(202,'数码',0),(203,'摄影摄像',202),(204,'数码相机',203),(205,'单电/微单相机',203),(206,'单反相机',203),(207,'摄像机',203),(208,'拍立得',203),(209,'运动相机',203),(210,'镜头',203),(211,'户外器材',203),(212,'影棚器材',203),(213,'冲印服务',203),(214,'数码相框',203),(215,'数码配件',202),(216,'存储卡',215),(217,'读卡器',215),(218,'滤镜',215),(219,'闪光灯/手柄',215),(220,'相机包',215),(221,'三脚架/云台',215),(222,'相机清洁/贴膜',215),(223,'机身附件',215),(224,'镜头附件',215),(225,'电池/充电器',215),(226,'移动电源',215),(227,'数码支架',215),(228,'智能设备',202),(229,'智能手环',228),(230,'智能手表',228),(231,'智能眼镜',228),(232,'运动跟踪器',228),(233,'健康监测',228),(234,'智能配饰',228),(235,'智能家居',228),(236,'体感车',228),(237,'其他配件',228),(238,'智能机器人',228),(239,'无人机',228),(240,'影音娱乐',202),(241,'MP3/MP4',240),(242,'智能设备',240),(243,'耳机/耳麦',240),(244,'便携/无线音箱',240),(245,'音箱/音响',240),(246,'高清播放器',240),(247,'收音机',240),(248,'MP3/MP4配件',240),(249,'麦克风',240),(250,'专业音频',240),(251,'苹果配件',240),(252,'电子教育',202),(253,'学生平板',252),(254,'点读机/笔',252),(255,'早教益智',252),(256,'录音笔',252),(257,'电纸书',252),(258,'电子词典',252),(259,'复读机',252),(260,'虚拟商品',202),(261,'延保服务',260),(262,'杀毒软件',260),(263,'积分商品',260),(264,'家居家装',0),(265,'家纺',264),(266,'桌布/罩件',265),(267,'地毯地垫',265),(268,'沙发垫套/椅垫',265),(269,'床品套件',265),(270,'被子',265),(271,'枕芯',265),(272,'床单被罩',265),(273,'毯子',265),(274,'床垫/床褥',265),(275,'蚊帐',265),(276,'抱枕靠垫',265),(277,'毛巾浴巾',265),(278,'电热毯',265),(279,'窗帘/窗纱',265),(280,'布艺软饰',265),(281,'凉席',265),(282,'灯具',264),(283,'台灯',282),(284,'节能灯',282),(285,'装饰灯',282),(286,'落地灯',282),(287,'应急灯/手电',282),(288,'LED灯',282),(289,'吸顶灯',282),(290,'五金电器',282),(291,'筒灯射灯',282),(292,'吊灯',282),(293,'氛围照明',282),(294,'生活日用',264),(295,'保暖防护',294),(296,'收纳用品',294),(297,'雨伞雨具',294),(298,'浴室用品',294),(299,'缝纫/针织用品',294),(300,'洗晒/熨烫',294),(301,'净化除味',294),(302,'家装软饰',264),(303,'相框/照片墙',302),(304,'装饰字画',302),(305,'节庆饰品',302),(306,'手工/十字绣',302),(307,'装饰摆件',302),(308,'帘艺隔断',302),(309,'墙贴/装饰贴',302),(310,'钟饰',302),(311,'花瓶花艺',302),(312,'香薰蜡烛',302),(313,'创意家居',302),(314,'宠物生活',264),(315,'宠物主粮',314),(316,'宠物零食',314),(317,'医疗保健',314),(318,'家居日用',314),(319,'宠物玩具',314),(320,'出行装备',314),(321,'洗护美容',314),(322,'电脑办公',0),(323,'电脑整机',322),(324,'笔记本',323),(325,'超极本',323),(326,'游戏本',323),(327,'平板电脑',323),(328,'平板电脑配件',323),(329,'台式机',323),(330,'服务器/工作站',323),(331,'笔记本配件',323),(332,'一体机',323),(333,'电脑配件',322),(334,'CPU',333),(335,'主板',333),(336,'显卡',333),(337,'硬盘',333),(338,'SSD固态硬盘',333),(339,'内存',333),(340,'机箱',333),(341,'电源',333),(342,'显示器',333),(343,'刻录机/光驱',333),(344,'散热器',333),(345,'声卡/扩展卡',333),(346,'装机配件',333),(347,'组装电脑',333),(348,'外设产品',322),(349,'移动硬盘',348),(350,'U盘',348),(351,'鼠标',348),(352,'键盘',348),(353,'鼠标垫',348),(354,'摄像头',348),(355,'手写板',348),(356,'硬盘盒',348),(357,'插座',348),(358,'线缆',348),(359,'UPS电源',348),(360,'电脑工具',348),(361,'游戏设备',348),(362,'电玩',348);

/*Table structure for table `tb_category_brand` */

DROP TABLE IF EXISTS `tb_category_brand`;

CREATE TABLE `tb_category_brand` (
  `category_id` int(20) NOT NULL COMMENT '商品类目id',
  `brand_id` int(20) NOT NULL COMMENT '品牌id',
  PRIMARY KEY (`category_id`,`brand_id`) USING BTREE
) ENGINE=InnoDB DEFAULT CHARSET=utf8 ROW_FORMAT=COMPACT COMMENT='商品分类和品牌的中间表，两者是多对多关系';

/*Data for the table `tb_category_brand` */

insert  into `tb_category_brand`(`category_id`,`brand_id`) values (76,1528),(76,6742),(76,8557),(76,15127),(76,27094),(76,325396),(76,325397),(76,325400),(84,18374),(86,18374),(90,325398),(90,325399),(94,18374),(105,1115),(105,6742),(105,7817),(105,7888),(105,16538),(105,18374),(105,23130),(106,7817),(107,7817),(108,7817),(117,18374),(128,18374),(167,6742),(170,6742),(324,18374),(326,18374),(327,18374);

/*Table structure for table `tb_impression` */

DROP TABLE IF EXISTS `tb_impression`;

CREATE TABLE `tb_impression` (
  `id` int(11) NOT NULL AUTO_INCREMENT,
  `title` varchar(50) DEFAULT NULL COMMENT '印象',
  `count` int(11) DEFAULT NULL,
  `spu_id` int(11) DEFAULT NULL,
  `sku_id` int(11) DEFAULT NULL,
  PRIMARY KEY (`id`) USING BTREE
) ENGINE=InnoDB AUTO_INCREMENT=7 DEFAULT CHARSET=utf8mb4 ROW_FORMAT=COMPACT;

/*Data for the table `tb_impression` */

insert  into `tb_impression`(`id`,`title`,`count`,`spu_id`,`sku_id`) values (1,'口感不错',15326,2,2600242),(2,'实惠',3354,2,2600242),(3,'物流快',1443,2,2600242),(4,'质量不错',944,2,2600242),(5,'气味不错',575,2,2600242),(6,'味道一般',1589,2,2600242);

/*Table structure for table `tb_news` */

DROP TABLE IF EXISTS `tb_news`;

CREATE TABLE `tb_news` (
  `id` int(11) NOT NULL,
  `title` varchar(20) DEFAULT NULL,
  `content` text,
  `author` varchar(255) DEFAULT NULL,
  `created_at` timestamp NULL DEFAULT NULL,
  `updated_at` timestamp NULL DEFAULT NULL,
  PRIMARY KEY (`id`) USING BTREE
) ENGINE=InnoDB DEFAULT CHARSET=utf8mb4 ROW_FORMAT=COMPACT;

/*Data for the table `tb_news` */

insert  into `tb_news`(`id`,`title`,`content`,`author`,`created_at`,`updated_at`) values (1,'习近平金砖金句','习近平金砖金句','张杰','2018-07-26 00:00:00',NULL),(2,'5旬警察徒手接跳桥男子被砸','5旬警察徒手接跳桥男子被砸','李霞','2018-07-26 00:00:00',NULL),(3,'欧盟重罚4家亚欧巨头','欧盟重罚4家亚欧巨头','黎明','2018-07-26 00:00:00',NULL),(4,'揭秘“天下第一村”','揭秘“天下第一村”','黄东','2018-07-26 00:00:00',NULL),(5,'5','5','5',NULL,NULL),(6,'6','6','6',NULL,NULL),(7,'7','7','7',NULL,NULL),(8,'8','8','8',NULL,NULL),(9,'9','9','9','2018-12-20 08:49:03',NULL),(10,'10','10','10',NULL,NULL),(11,'11','11','11',NULL,NULL),(12,'12','12','12',NULL,NULL);

/*Table structure for table `tb_order` */

DROP TABLE IF EXISTS `tb_order`;

CREATE TABLE `tb_order` (
  `sn` bigint(255) NOT NULL COMMENT '订单序列号',
  `created_at` timestamp NULL DEFAULT NULL,
  `updated_at` timestamp NULL DEFAULT NULL,
  `shr_name` varchar(255) COLLATE utf8_unicode_ci NOT NULL COMMENT '收货人姓名',
  `shr_mobile` varchar(255) COLLATE utf8_unicode_ci NOT NULL COMMENT '收货人手机',
  `shr_province` varchar(255) COLLATE utf8_unicode_ci NOT NULL COMMENT '收货人省份',
  `shr_city` varchar(255) COLLATE utf8_unicode_ci NOT NULL COMMENT '收货人城市',
  `shr_area` varchar(255) COLLATE utf8_unicode_ci NOT NULL COMMENT '收货人地区',
  `shr_address` varchar(255) COLLATE utf8_unicode_ci NOT NULL COMMENT '收货人详情地址',
  `status` int(3) NOT NULL COMMENT '订单状态，0:未支付、1:已支付、等待发货、2:已发货、等待收货 3:已收货、等待评论 4:已结束 5:申请售后',
  `pay_time` datetime DEFAULT NULL COMMENT '支付时间',
  `post_time` datetime DEFAULT NULL COMMENT '发货时间',
  `user_id` int(10) unsigned NOT NULL COMMENT '用户ID',
  `total_price` decimal(8,2) NOT NULL COMMENT '订单总价',
  PRIMARY KEY (`sn`) USING BTREE,
  KEY `orders_user_id_index` (`user_id`) USING BTREE
) ENGINE=InnoDB DEFAULT CHARSET=utf8 COLLATE=utf8_unicode_ci ROW_FORMAT=COMPACT;

/*Data for the table `tb_order` */

insert  into `tb_order`(`sn`,`created_at`,`updated_at`,`shr_name`,`shr_mobile`,`shr_province`,`shr_city`,`shr_area`,`shr_address`,`status`,`pay_time`,`post_time`,`user_id`,`total_price`) values (1027719355602964480,NULL,NULL,'三毛','13344445556','江苏省','苏州市','高新区','青山绿庭',0,NULL,NULL,20,'849000.00');

/*Table structure for table `tb_order_good` */

DROP TABLE IF EXISTS `tb_order_good`;

CREATE TABLE `tb_order_good` (
  `id` int(10) unsigned NOT NULL AUTO_INCREMENT,
  `sn` bigint(10) DEFAULT NULL COMMENT '订单ID',
  `sku_id` int(10) unsigned DEFAULT NULL COMMENT 'SKUID',
  `number` int(10) unsigned DEFAULT NULL COMMENT '购买数量',
  `spec_list` varchar(255) COLLATE utf8_unicode_ci DEFAULT NULL COMMENT '规格列表',
  `sku_name` varchar(255) COLLATE utf8_unicode_ci DEFAULT NULL COMMENT '商品名称',
  `logo` varchar(255) COLLATE utf8_unicode_ci DEFAULT NULL COMMENT '图片',
  `price` decimal(8,2) DEFAULT NULL COMMENT '价格',
  PRIMARY KEY (`id`) USING BTREE,
  KEY `order_goods_order_id_index` (`sn`) USING BTREE,
  KEY `order_goods_sku_id_index` (`sku_id`) USING BTREE
) ENGINE=InnoDB AUTO_INCREMENT=2 DEFAULT CHARSET=utf8 COLLATE=utf8_unicode_ci ROW_FORMAT=COMPACT;

/*Data for the table `tb_order_good` */

insert  into `tb_order_good`(`id`,`sn`,`sku_id`,`number`,`spec_list`,`sku_name`,`logo`,`price`) values (1,1027719366566875136,2600242,10,'{\"id_list\":\"1:1|2:6|6:22\",\"id_txt\":\"{\\\"机身颜色\\\":\\\"白色\\\",\\\"内存\\\":\\\"3GB\\\",\\\"机身存储\\\":\\\"16GB\\\"}\"}','华为 G9 青春版 白色 移动联通电信4G手机 双卡双待',NULL,'84900.00');

/*Table structure for table `tb_seckill` */

DROP TABLE IF EXISTS `tb_seckill`;

CREATE TABLE `tb_seckill` (
  `id` int(10) unsigned NOT NULL AUTO_INCREMENT,
  `seller_id` int(10) unsigned NOT NULL COMMENT '商家ID',
  `spu_id` int(10) unsigned NOT NULL COMMENT 'SPUID',
  `sku_id` int(10) unsigned DEFAULT NULL COMMENT 'SKUID',
  `start_time` datetime NOT NULL COMMENT '开始时间',
  `end_time` datetime NOT NULL COMMENT '结束时间',
  `stock` int(10) unsigned NOT NULL COMMENT '库存量',
  `price` decimal(8,2) NOT NULL COMMENT '秒杀价格',
  `check_time` datetime DEFAULT NULL COMMENT '审核时间',
  `check_status` tinyint(3) unsigned NOT NULL DEFAULT '0' COMMENT '审核状态，0：未审核，1：已通过，2：未通过',
  PRIMARY KEY (`id`) USING BTREE,
  KEY `seckills_seller_id_index` (`seller_id`) USING BTREE
) ENGINE=InnoDB DEFAULT CHARSET=utf8 COLLATE=utf8_unicode_ci ROW_FORMAT=COMPACT;

/*Data for the table `tb_seckill` */

/*Table structure for table `tb_sku` */

DROP TABLE IF EXISTS `tb_sku`;

CREATE TABLE `tb_sku` (
  `id` int(20) NOT NULL AUTO_INCREMENT COMMENT 'sku id',
  `stock` int(11) DEFAULT NULL COMMENT '存储数量',
  `spu_id` int(20) NOT NULL COMMENT 'spu id',
  `sku_name` varchar(255) NOT NULL COMMENT '商品标题',
  `images` varchar(1000) DEFAULT '' COMMENT '商品的图片，多个图片以‘,’分割',
  `price` double(15,0) NOT NULL DEFAULT '0' COMMENT '销售价格，单位为分',
  `spec_list` varchar(200) DEFAULT NULL,
  `spec_list_code` varchar(1000) DEFAULT '' COMMENT 'sku的特有规格参数键值对，json格式，反序列化时请使用linkedHashMap，保证有序',
  `created_at` datetime NOT NULL COMMENT '添加时间',
  `updated_at` datetime NOT NULL COMMENT '最后修改时间',
  PRIMARY KEY (`id`) USING BTREE,
  KEY `key_spu_id` (`spu_id`) USING BTREE
) ENGINE=InnoDB AUTO_INCREMENT=3355144 DEFAULT CHARSET=utf8 ROW_FORMAT=COMPACT COMMENT='sku表,该表表示具体的商品实体,如黑色的 64g的iphone 8';

/*Data for the table `tb_sku` */

insert  into `tb_sku`(`id`,`stock`,`spu_id`,`sku_name`,`images`,`price`,`spec_list`,`spec_list_code`,`created_at`,`updated_at`) values (2600242,90,2,'华为 G9 青春版 白色 移动联通电信4G手机 双卡双待','https://img12.360buyimg.com/n1/jfs/t17050/106/1124838205/250590/7e63050a/5abb6be2N853106d9.jpg',84900,'1:1|2:6|6:22','{\"机身颜色\":\"白色\",\"内存\":\"3GB\",\"机身存储\":\"16GB\"}','2018-04-21 15:55:14','2018-04-21 15:55:14'),(2600248,100,2,'华为 G9 青春版 金色 移动联通电信4G手机 双卡双待','https://img12.360buyimg.com/n1/jfs/t17050/106/1124838205/250590/7e63050a/5abb6be2N853106d9.jpg',84900,'1:2|2:6|6:22','{\"机身颜色\":\"金色\",\"内存\":\"3GB\",\"机身存储\":\"16GB\"}','2018-04-21 15:55:14','2018-04-21 15:55:14'),(2868393,100,3,'三星 Galaxy C5（SM-C5000）4GB+32GB 枫叶金 移动联通电信4G手机 双卡双待','https://img12.360buyimg.com/n1/jfs/t17050/106/1124838205/250590/7e63050a/5abb6be2N853106d9.jpg',119900,'1:2|2:7|6:23','{\"机身颜色\":\"金色\",\"内存\":\"4GB\",\"机身存储\":\"32GB\"}','2018-04-21 15:55:16','2018-04-21 15:55:16'),(2868435,100,3,'三星 Galaxy C5（SM-C5000）4GB+32GB 蔷薇粉 移动联通电信4G手机 双卡双待','https://img12.360buyimg.com/n1/jfs/t17050/106/1124838205/250590/7e63050a/5abb6be2N853106d9.jpg',119900,'1:3|2:7|6:23','{\"机身颜色\":\"粉色\",\"内存\":\"4GB\",\"机身存储\":\"32GB\"}','2018-04-21 15:55:16','2018-04-21 15:55:16'),(2895136,100,3,'三星 Galaxy C5（SM-C5000）4GB+32GB 烟雨灰 移动联通电信4G手机 双卡双待','https://img12.360buyimg.com/n1/jfs/t17050/106/1124838205/250590/7e63050a/5abb6be2N853106d9.jpg',119900,'1:4|2:7|6:23','{\"机身颜色\":\"灰色\",\"内存\":\"4GB\",\"机身存储\":\"32GB\"}','2018-04-21 15:55:17','2018-04-21 15:55:17'),(2895158,100,3,'三星 Galaxy C5（SM-C5000）4GB+32GB 皎洁银 移动联通电信4G手机 双卡双待','https://img12.360buyimg.com/n1/jfs/t17050/106/1124838205/250590/7e63050a/5abb6be2N853106d9.jpg',119900,'1:5|2:7|6:23','{\"机身颜色\":\"银色\",\"内存\":\"4GB\",\"机身存储\":\"32GB\"}','2018-04-21 15:55:18','2018-04-21 15:55:18'),(3234246,100,7,'华为 G9 Plus 32GB 月光银 移动联通4G手机 双卡双待','https://img12.360buyimg.com/n1/jfs/t17050/106/1124838205/250590/7e63050a/5abb6be2N853106d9.jpg',119900,'1:3|2:6|6:23','{\"机身颜色\":\"银色\",\"内存\":\"3GB\",\"机身存储\":\"32GB\"}','2018-04-21 15:55:23','2018-04-21 15:55:23'),(3234250,100,4,'华为 麦芒5 全网通 4GB+64GB版 香槟金 移动联通电信4G手机 双卡双待','https://img12.360buyimg.com/n1/jfs/t17050/106/1124838205/250590/7e63050a/5abb6be2N853106d9.jpg',139900,'1:2|2:7|6:24','{\"机身颜色\":\"金色\",\"内存\":\"4GB\",\"机身存储\":\"64GB\"}','2018-04-21 15:55:19','2018-04-21 15:55:19'),(3250951,100,124,'努比亚（nubia）Z11 百合金 4GB+64GB 全网通 移动联通电信4G手机双卡双待','https://img12.360buyimg.com/n1/jfs/t17050/106/1124838205/250590/7e63050a/5abb6be2N853106d9.jpg',159900,'1:2|2:8|6:24','{\"机身颜色\":\"金色\",\"内存\":\"8GB\",\"机身存储\":\"64GB\"}','2018-04-21 15:59:23','2018-04-21 15:59:23'),(3355143,100,5,'华为 HUAWEI nova 4GB+64GB版 香槟金（白）移动联通电信4G手机 双卡双待','https://img12.360buyimg.com/n1/jfs/t17050/106/1124838205/250590/7e63050a/5abb6be2N853106d9.jpg',139900,'1:1|2:7|6:24','{\"机身颜色\":\"白色\",\"内存\":\"4GB\",\"机身存储\":\"64GB\"}','2018-04-21 15:55:20','2018-04-21 15:55:20');

/*Table structure for table `tb_sku_comment` */

DROP TABLE IF EXISTS `tb_sku_comment`;

CREATE TABLE `tb_sku_comment` (
  `id` int(10) unsigned NOT NULL AUTO_INCREMENT,
  `created_at` timestamp NULL DEFAULT NULL,
  `updated_at` timestamp NULL DEFAULT NULL,
  `user_id` int(10) unsigned NOT NULL COMMENT '用户ID',
  `spu_id` int(10) unsigned NOT NULL COMMENT 'SPUID',
  `sku_id` int(10) unsigned NOT NULL COMMENT 'SKUID',
  `ratio` varchar(255) COLLATE utf8_unicode_ci DEFAULT NULL COMMENT '0好评 1  中评   2 差评 ',
  `spec_list` varchar(255) COLLATE utf8_unicode_ci NOT NULL COMMENT '规格列表',
  `content` varchar(600) COLLATE utf8_unicode_ci NOT NULL COMMENT '评论内容，最大600个字符',
  `star` int(3) unsigned NOT NULL COMMENT '打分，1~5分',
  `isshow` int(11) NOT NULL DEFAULT '0' COMMENT '0 显示 1 不显示',
  `sn` varchar(200) COLLATE utf8_unicode_ci DEFAULT NULL,
  PRIMARY KEY (`id`) USING BTREE,
  KEY `spu_comments_spu_id_index` (`spu_id`) USING BTREE
) ENGINE=InnoDB AUTO_INCREMENT=4 DEFAULT CHARSET=utf8 COLLATE=utf8_unicode_ci ROW_FORMAT=COMPACT;

/*Data for the table `tb_sku_comment` */

insert  into `tb_sku_comment`(`id`,`created_at`,`updated_at`,`user_id`,`spu_id`,`sku_id`,`ratio`,`spec_list`,`content`,`star`,`isshow`,`sn`) values (1,NULL,NULL,1,2,2600242,'0','0_0_0','好',5,0,NULL),(2,NULL,NULL,1,2,2600248,'1',' 1_0_0','好好',4,1,NULL),(3,NULL,NULL,1,2,2600248,'2','0_0_0','差',1,0,NULL);

/*Table structure for table `tb_sku_photo` */

DROP TABLE IF EXISTS `tb_sku_photo`;

CREATE TABLE `tb_sku_photo` (
  `id` int(10) unsigned NOT NULL AUTO_INCREMENT,
  `sku_id` int(10) unsigned NOT NULL COMMENT 'SPUID',
  `url` varchar(255) COLLATE utf8_unicode_ci NOT NULL COMMENT '原图路径',
  PRIMARY KEY (`id`) USING BTREE
) ENGINE=InnoDB DEFAULT CHARSET=utf8 COLLATE=utf8_unicode_ci ROW_FORMAT=COMPACT;

/*Data for the table `tb_sku_photo` */

/*Table structure for table `tb_specification` */

DROP TABLE IF EXISTS `tb_specification`;

CREATE TABLE `tb_specification` (
  `id` int(10) unsigned NOT NULL AUTO_INCREMENT,
  `spec_name` varchar(255) COLLATE utf8_unicode_ci NOT NULL COMMENT '规格名称',
  `category_id` int(10) unsigned NOT NULL COMMENT '分类ID',
  PRIMARY KEY (`id`) USING BTREE
) ENGINE=InnoDB AUTO_INCREMENT=7 DEFAULT CHARSET=utf8 COLLATE=utf8_unicode_ci ROW_FORMAT=COMPACT;

/*Data for the table `tb_specification` */

insert  into `tb_specification`(`id`,`spec_name`,`category_id`) values (1,'机身颜色',76),(2,'内存',76),(3,'颜色',3),(4,'尺码',3),(5,'尺寸',76),(6,'机身存储',76);

/*Table structure for table `tb_specification_option` */

DROP TABLE IF EXISTS `tb_specification_option`;

CREATE TABLE `tb_specification_option` (
  `id` int(10) unsigned NOT NULL AUTO_INCREMENT,
  `spec_id` int(10) unsigned NOT NULL COMMENT '规格ID',
  `option_name` varchar(255) COLLATE utf8_unicode_ci NOT NULL COMMENT '选项名称',
  PRIMARY KEY (`id`) USING BTREE,
  KEY `specification_options_spec_id_index` (`spec_id`) USING BTREE
) ENGINE=InnoDB AUTO_INCREMENT=25 DEFAULT CHARSET=utf8 COLLATE=utf8_unicode_ci ROW_FORMAT=COMPACT;

/*Data for the table `tb_specification_option` */

insert  into `tb_specification_option`(`id`,`spec_id`,`option_name`) values (1,1,'白色'),(2,1,'金色'),(3,1,'粉色'),(4,1,'灰色'),(5,1,'银色'),(6,2,'3GB'),(7,2,'4GB'),(8,2,'8GB'),(9,3,'红色'),(10,3,'黑色'),(11,3,'绿色'),(12,3,'蓝色'),(13,3,'紫色'),(14,4,'S'),(15,4,'M'),(16,4,'L'),(17,4,'XL'),(18,5,'5.5寸'),(19,5,'3.2寸'),(20,5,'6寸'),(21,5,'5.2寸'),(22,6,'16G'),(23,6,'32G'),(24,6,'64G');

/*Table structure for table `tb_spu` */

DROP TABLE IF EXISTS `tb_spu`;

CREATE TABLE `tb_spu` (
  `id` int(20) NOT NULL AUTO_INCREMENT COMMENT 'spu id',
  `spu_name` varchar(255) NOT NULL DEFAULT '' COMMENT '标题',
  `spu_subname` varchar(255) DEFAULT '' COMMENT '子标题',
  `logo` varchar(255) DEFAULT NULL,
  `cat1_id` int(20) NOT NULL COMMENT '1级类目id',
  `cat2_id` int(20) NOT NULL COMMENT '2级类目id',
  `cat3_id` int(20) NOT NULL COMMENT '3级类目id',
  `brand_id` int(20) NOT NULL COMMENT '商品所属品牌id',
  `check_time` datetime DEFAULT NULL COMMENT '审核时间',
  `check_status` int(11) DEFAULT NULL COMMENT '审核状态，0：未审核，1：已通过，2：未通过',
  `price` double DEFAULT NULL COMMENT '商品价格，单位：元',
  `is_on_sale` int(11) DEFAULT NULL COMMENT '是否上架 0 未上架 1 上架',
  `on_sale_time` datetime DEFAULT NULL COMMENT '上架时间',
  `deleted_at` datetime DEFAULT NULL COMMENT '删除时间',
  `weight` double DEFAULT NULL COMMENT '重量',
  `description` text COMMENT '商品详情',
  `packages` text COMMENT '包装',
  `aftersale` longtext COMMENT '售后',
  `spec_list` longtext COMMENT '规格列表',
  `created_at` datetime DEFAULT NULL COMMENT '添加时间',
  `updated_at` datetime DEFAULT NULL COMMENT '最后修改时间',
  PRIMARY KEY (`id`) USING BTREE
) ENGINE=InnoDB AUTO_INCREMENT=216 DEFAULT CHARSET=utf8 ROW_FORMAT=COMPACT COMMENT='spu表，该表描述的是一个抽象性的商品，比如 iphone8';

/*Data for the table `tb_spu` */

insert  into `tb_spu`(`id`,`spu_name`,`spu_subname`,`logo`,`cat1_id`,`cat2_id`,`cat3_id`,`brand_id`,`check_time`,`check_status`,`price`,`is_on_sale`,`on_sale_time`,`deleted_at`,`weight`,`description`,`packages`,`aftersale`,`spec_list`,`created_at`,`updated_at`) values (2,'华为 G9 青春版 ','骁龙芯片！3GB运行内存！索尼1300万摄像头！<a href=\'https://sale.jd.com/act/DhKrOjXnFcGL.html\' target=\'_blank\'>华为新品全面上线，更多优惠猛戳》》</a>',NULL,74,75,76,8557,NULL,NULL,NULL,NULL,'2018-12-01 16:08:34',NULL,NULL,NULL,NULL,NULL,NULL,'2018-04-21 15:55:15','2018-04-21 15:55:15'),(3,'三星 Galaxy C5（SM-C5000）(4GB+32GB)','5.2英寸AMOLED屏，800+1600万像素，金属机身，小巧便捷，续航能力强大！<a href=\'https://sale.jd.com/act/T15MnRgiasWe8L.html\' target=\'_blank\'>三星S9震撼上市详情猛戳>></a>',NULL,74,75,76,15127,NULL,NULL,NULL,NULL,'2018-12-14 16:08:38',NULL,NULL,NULL,NULL,NULL,NULL,'2018-04-21 15:55:18','2018-04-21 15:55:18'),(4,'华为 麦芒5 全网通 4GB+64GB版 ','光学防抖，持久续航！后置1600万像素，金属机身！<a href=\'http://item.jd.com/5148371.html?from_saf=1\' target=\'_blank\'>全面屏麦芒6低至2099元！</a>',NULL,74,75,76,8557,NULL,NULL,NULL,NULL,'2018-12-02 19:59:56',NULL,NULL,NULL,NULL,NULL,NULL,'2018-04-21 15:55:20','2018-04-21 15:55:20'),(5,'华为 HUAWEI nova 4GB+64GB版 ','4K高清视频拍摄！美颜自拍！DTS音效！<a href=\'http://item.jd.com/5963064.html?from_saf=1\' target=\'_blank\'>nova2S白条3期免息！</a>',NULL,74,75,76,8557,NULL,NULL,NULL,NULL,'2018-12-03 20:00:01',NULL,NULL,NULL,NULL,NULL,NULL,'2018-04-21 15:55:21','2018-04-21 15:55:21'),(6,'魅族 PRO','5.2英寸！500万+1200万像素！<a href=\'https://sale.jd.com/act/InqRKmz0tg.html\' target=\'_blank\'>魅蓝6秒杀大促，直降至599抢购！</a>',NULL,74,75,76,12669,NULL,NULL,NULL,NULL,'2018-12-04 20:00:05',NULL,NULL,NULL,NULL,NULL,NULL,'2018-04-21 15:55:22','2018-04-21 15:55:22'),(7,'华为 G9 Plus 32GB ','高清大屏，长续航，骁龙芯片，表里不凡！<a href=\'https://sale.jd.com/act/DhKrOjXnFcGL.html\' target=\'_blank\'>华为新品全面上线，更多优惠猛戳》》</a>',NULL,74,75,76,8557,NULL,NULL,NULL,NULL,'2018-12-05 20:00:09',NULL,NULL,NULL,NULL,NULL,NULL,'2018-04-21 15:55:23','2018-04-21 15:55:23'),(8,'华为 畅享6 ','轻薄有型，电力十足！5英寸AMOLED屏幕，4100mAh大容量电池！<a  target=\"_blank\"  href=\"https://sale.jd.com/act/DhKrOjXnFcGL.html\">华为新品全面上线，更多优惠猛戳》》</a>',NULL,74,75,76,8557,NULL,NULL,NULL,NULL,'2018-12-06 20:00:13',NULL,NULL,NULL,NULL,NULL,NULL,'2018-04-21 15:55:25','2018-04-21 15:55:25'),(9,'华为 HUAWEI nova 青春版 4GB+64GB ','双面弧面玻璃！麒麟658处理器！柔光屏！<a href=\'https://sale.jd.com/act/DhKrOjXnFcGL.html\' target=\'_blank\'>华为新品全面上线，更多优惠猛戳》》</a>',NULL,74,75,76,8557,NULL,NULL,NULL,NULL,'2018-12-07 20:00:17',NULL,NULL,NULL,NULL,NULL,NULL,'2018-04-21 15:55:27','2018-04-21 15:55:27'),(10,'魅族 魅蓝X 3GB+32GB 全网通公开版 ','MTK P20芯片，5.5英寸全高清夏普屏！<a href=\'https://sale.jd.com/act/InqRKmz0tg.html\' target=\'_blank\'>魅蓝6秒杀大促，直降至599抢购！</a>',NULL,74,75,76,12669,NULL,NULL,NULL,NULL,'2018-12-08 20:00:21',NULL,NULL,NULL,NULL,NULL,NULL,'2018-04-21 15:55:28','2018-04-21 15:55:28'),(11,'OPPO A57 3GB+32GB内存版 ','R15星空紫特别版今天10点开抢，货源稀缺，手慢无！此版本包含迪丽热巴微剧同款T恤、帽子，就要这样“紫”<a href=\'https://item.jd.com/7294559.html#crumb-wrap\' target=\'_blank\'>去看热巴同款</a>',NULL,74,75,76,2032,NULL,NULL,NULL,NULL,'2018-12-09 20:00:26',NULL,NULL,NULL,NULL,NULL,NULL,'2018-04-21 15:55:30','2018-04-21 15:55:30'),(12,'华为 HUAWEI nova 2 4GB+64GB ','前置2000万高清美拍，光学变焦双镜头！<a href=\'http://item.jd.com/5963064.html?from_saf=1\' target=\'_blank\'>nova2S白条3期免息！</a>',NULL,74,75,76,8557,NULL,NULL,NULL,NULL,'2018-12-10 20:00:31',NULL,NULL,NULL,NULL,NULL,NULL,'2018-04-21 15:55:32','2018-04-21 15:55:32'),(13,'华为畅享7 3GB+32GB ','【限量领券立减100元】成交价899元！金属机身，骁龙芯片！<a href=\'http://item.jd.com/6001257.html?from_saf=1\' target=\'_blank\'>畅享7S成交价低至1399元！</a>',NULL,74,75,76,8557,NULL,NULL,NULL,NULL,'2018-12-11 20:00:34',NULL,NULL,NULL,NULL,NULL,NULL,'2018-04-21 15:55:34','2018-04-21 15:55:34'),(14,'华为 Mate 9 Pro 4GB+64GB版 ','2K双曲面屏幕！二代徕卡双摄像头！<a href=\'http://item.jd.com/5706775.html?from_saf=1\' target=\'_blank\'>mate10 Pro购机享白条6期免息！</a>',NULL,74,75,76,8557,NULL,NULL,NULL,NULL,'2018-12-12 20:00:38',NULL,NULL,NULL,NULL,NULL,NULL,'2018-04-21 15:55:35','2018-04-21 15:55:35'),(15,'华为 畅享6S ','骁龙芯片！金属机身！享看又享玩！<a  target=\"_blank\"  href=\"https://sale.jd.com/act/DhKrOjXnFcGL.html\">华为新品全面上线，更多优惠猛戳》》</a>',NULL,74,75,76,8557,NULL,NULL,NULL,NULL,'2018-12-13 20:00:42',NULL,NULL,NULL,NULL,NULL,NULL,'2018-04-21 15:55:37','2018-04-21 15:55:37'),(16,'锤子 坚果Pro 128GB ','1300万后置双摄像头/5.5英寸FHD显示屏/人脸识别/18W快充！<a href=\'https://sale.jd.com/act/T14MEWpIkheDcN.html\' target=\'_blank\'>坚果3火爆新品，点此下单</a>',NULL,74,75,76,91515,NULL,NULL,NULL,NULL,'2018-12-14 20:00:47',NULL,NULL,NULL,NULL,NULL,NULL,'2018-04-21 15:55:39','2018-04-21 15:55:39'),(17,'华为 HUAWEI P10 Plus 6GB+','【白条6期免息】wifi双天线设计！徕卡人像摄影！<a href=\'http://item.jd.com/3893493.html?from_saf=1\' target=\'_blank\'>P10徕卡双摄拍照，低至2988元！</a>',NULL,74,75,76,8557,NULL,NULL,NULL,NULL,'2018-12-15 20:00:52',NULL,NULL,NULL,NULL,NULL,NULL,'2018-04-21 15:55:42','2018-04-21 15:55:42'),(18,'华为 HUAWEI P10 全网通 4GB+64GB ','【白条6期免息】wifi双天线设计！徕卡人像摄影！<a href=\'http://item.jd.com/4483120.html?from_saf=1\' target=\'_blank\'>大屏徕卡双摄P10 Plus，低至3388元！</a>',NULL,74,75,76,8557,NULL,NULL,NULL,NULL,'2018-12-16 20:00:56',NULL,NULL,NULL,NULL,NULL,NULL,'2018-04-21 15:55:44','2018-04-21 15:55:44'),(19,'魅族 魅蓝5s 全网通公开版 3GB+16GB ','5.2英寸，CNC金属机身，18W快充！<a href=\'https://sale.jd.com/act/InqRKmz0tg.html\' target=\'_blank\'>魅蓝6秒杀大促，直降至599抢购！</a>',NULL,74,75,76,12669,NULL,NULL,NULL,NULL,'2018-12-17 20:00:59',NULL,NULL,NULL,NULL,NULL,NULL,'2018-04-21 15:55:45','2018-04-21 15:55:45'),(20,'小米 红米 4X 全网通版 ','4100mAh 超长续航/骁龙处理器<a href=\'https://item.jd.com/6703337.html#crumb-wrap\' target=\'_blank\'>新版本红米5A，大内存更优惠！</a>',NULL,74,75,76,18374,NULL,NULL,NULL,NULL,'2018-12-18 20:01:03',NULL,NULL,NULL,NULL,NULL,NULL,'2018-04-21 15:55:46','2018-04-21 15:55:46'),(21,'小米5X 美颜双摄拍照手机 4GB+64GB ','光学变焦双摄，拍人更美/5.5吋大屏轻薄全金属/骁龙八核处理器/4GB大内存<a href=\'https://mi.jd.com/\' target=\'_blank\'>点击了解更多小米手机！</a>',NULL,74,75,76,18374,NULL,NULL,NULL,NULL,'2018-12-19 20:01:06',NULL,NULL,NULL,NULL,NULL,NULL,'2018-04-21 15:55:48','2018-04-21 15:55:48'),(22,'小米 红米 4A 移动合约版 2GB内存 16GB ROM ','3120mAh 大电池/1300万像素相机<a href=\'https://item.jd.com/6703337.html#crumb-wrap\' target=\'_blank\'>红米4A迭代新机红米5A，大内存更优惠！</a>',NULL,74,75,76,18374,NULL,NULL,NULL,NULL,'2018-12-20 20:01:09',NULL,NULL,NULL,NULL,NULL,NULL,'2018-04-21 15:55:50','2018-04-21 15:55:50'),(23,'华为畅享7 ','【限量领券立减100元】成交价1399元！4000毫安续航大电池！<a href=\'http://item.jd.com/6001257.html?from_saf=1\' target=\'_blank\'>畅享7S成交价低至1399元！</a>',NULL,74,75,76,8557,NULL,NULL,NULL,NULL,'2018-12-08 20:01:22',NULL,NULL,NULL,NULL,NULL,NULL,'2018-04-21 15:55:53','2018-04-21 15:55:53'),(24,'荣耀 畅玩6 2GB+16GB ','柔光自拍，舒适握感，长续航！<a href=\'http://sale.jd.com/act/L1Y2V6ERZePab4.html\' target=\'_blank\'>荣耀10 99元定金预售，点击进入》》》</a>',NULL,74,75,76,8557,NULL,NULL,NULL,NULL,'2018-12-26 20:01:28',NULL,NULL,NULL,NULL,NULL,NULL,'2018-04-21 15:55:54','2018-04-21 15:55:54'),(25,'小米Note3 美颜双摄拍照手机 6GB+64GB ','1600万美颜自拍/2倍变焦双摄，四轴光学防抖/5.5吋护眼屏/超轻四曲面，7系铝金属边框<a href=\'https://mi.jd.com/\' target=\'_blank\'>点击了解更多小米手机！</a>',NULL,74,75,76,18374,NULL,NULL,NULL,NULL,'2018-12-24 20:02:27',NULL,NULL,NULL,NULL,NULL,NULL,'2018-04-21 15:55:55','2018-04-21 15:55:55'),(26,'小米MIX2 全面屏游戏手机 ','全面屏2.0，5.99吋大屏/骁龙835旗舰处理器/4轴光学防抖/6模43频，全球频段<a  target=\"_blank\"  href=\"https://mi.jd.com/\">点击了解更多小米手机！</a>',NULL,74,75,76,18374,NULL,NULL,NULL,NULL,'2018-12-24 20:02:27',NULL,NULL,NULL,NULL,NULL,NULL,'2018-04-21 15:55:56','2018-04-21 15:55:56'),(27,'小米Max2 大屏手机 4GB+64GB ','6.44’’大屏/5300mAh 充电宝级的大电量/大像素相机/轻薄全金属<a  target=\"_blank\"  href=\"https://mi.jd.com/\">点击了解更多小米手机！</a>',NULL,74,75,76,18374,NULL,NULL,NULL,NULL,'2018-12-24 20:02:27',NULL,NULL,NULL,NULL,NULL,NULL,'2018-04-21 15:55:59','2018-04-21 15:55:59'),(28,'小米6 全网通 4GB+64GB 亮','骁龙835 旗舰处理器/变焦双摄，4 轴防抖/5.15吋 护眼屏/四曲面玻璃机身<a  target=\"_blank\"  href=\"https://mi.jd.com/\">点击了解更多小米手机！</a>',NULL,74,75,76,18374,NULL,NULL,NULL,NULL,'2018-12-24 20:02:27',NULL,NULL,NULL,NULL,NULL,NULL,'2018-04-21 15:56:00','2018-04-21 15:56:00'),(29,'荣耀9 全网通 ','领券立减200！成交价2599！2000万变焦双摄，3D曲面极光玻璃！<a href=\'http://sale.jd.com/act/L1Y2V6ERZePab4.html\' target=\'_blank\'>荣耀10 99元定金预售，点击进入》》》</a>',NULL,74,75,76,8557,NULL,NULL,NULL,NULL,'2018-12-24 20:02:27',NULL,NULL,NULL,NULL,NULL,NULL,'2018-04-21 15:56:02','2018-04-21 15:56:02'),(30,'小米 红米Note5A 全网通版 2GB+16GB ','5.5吋高清大屏，高通骁龙处理器，超长续航，2+1卡槽<a  target=\"_blank\"  href=\"https://mi.jd.com/\">点击了解更多小米手机！</a>',NULL,74,75,76,18374,NULL,NULL,NULL,NULL,'2018-12-24 20:02:27',NULL,NULL,NULL,NULL,NULL,NULL,'2018-04-21 15:56:03','2018-04-21 15:56:03'),(31,'华为 HUAWEI Mate 10 6GB+128GB ','爆款直降，全民疯抢！麒麟970芯片！AI智能拍照！<a href=\'https://sale.jd.com/act/DhKrOjXnFcGL.html\' target=\'_blank\'>华为P20新品抢购，摄影大师，专门为你》》</a>',NULL,74,75,76,8557,NULL,NULL,NULL,NULL,'2018-12-24 20:02:27',NULL,NULL,NULL,NULL,NULL,NULL,'2018-04-21 15:56:05','2018-04-21 15:56:05'),(32,'荣耀 畅玩7X 4GB+32GB 全网通4G全面屏手机 标配版 ','限时优惠50！成交价1249！1600万高清双摄，全面屏手机~<a href=\'http://sale.jd.com/act/L1Y2V6ERZePab4.html\' target=\'_blank\'>荣耀10 99元定金预售，点击进入》》》</a>',NULL,74,75,76,8557,NULL,NULL,NULL,NULL,'2018-12-24 20:02:27',NULL,NULL,NULL,NULL,NULL,NULL,'2018-04-21 15:56:06','2018-04-21 15:56:06'),(33,'华为 HUAWEI Mate 10 Pro 全网通 6GB+128GB ','爆款直降，全民疯抢！6英寸OLED全面屏！四曲面机身！<a href=\'https://sale.jd.com/act/DhKrOjXnFcGL.html\' target=\'_blank\'>华为P20新品抢购，摄影大师，专门为你》》</a>',NULL,74,75,76,8557,NULL,NULL,NULL,NULL,'2018-12-24 20:02:27',NULL,NULL,NULL,NULL,NULL,NULL,'2018-04-21 15:56:09','2018-04-21 15:56:09'),(34,'小米 红米5 Plus 全面屏手机 全网通版 3GB+32GB ','全面屏/4000mAh大电量/前置柔光自拍/14nm骁龙八核处理器<a  target=\"_blank\"  href=\"https://mi.jd.com/\">点击了解更多小米手机！</a>',NULL,74,75,76,18374,NULL,NULL,NULL,NULL,'2018-12-24 20:02:27',NULL,NULL,NULL,NULL,NULL,NULL,'2018-04-21 15:56:10','2018-04-21 15:56:10'),(35,'小米 红米5','搭载高通骁龙处理器，后置12MP旗舰相机，前置柔光自拍，配备5.7英寸全面屏。<a  target=\"_blank\"  href=\"https://mi.jd.com/\">点击了解更多小米手机！</a>',NULL,74,75,76,18374,NULL,NULL,NULL,NULL,'2018-12-24 20:02:27',NULL,NULL,NULL,NULL,NULL,NULL,'2018-04-21 15:56:12','2018-04-21 15:56:12'),(36,'荣耀 V10 高配版 6GB+64GB ','麒麟970！全面屏！2000万AI变焦双摄！<a href=\'http://sale.jd.com/act/L1Y2V6ERZePab4.html\' target=\'_blank\'>荣耀10 99元定金预售，点击进入》》》</a>',NULL,74,75,76,8557,NULL,NULL,NULL,NULL,'2018-12-24 20:02:27',NULL,NULL,NULL,NULL,NULL,NULL,'2018-04-21 15:56:14','2018-04-21 15:56:14'),(37,'荣耀9青春版 全网通 标配版 3GB+32GB ','限时赠耳机，赠完即止！全屏四摄，正反都美！<a href=\'http://sale.jd.com/act/L1Y2V6ERZePab4.html\' target=\'_blank\'>荣耀10 99元定金预售，点击进入》》》</a>',NULL,74,75,76,8557,NULL,NULL,NULL,NULL,'2018-12-24 20:02:27',NULL,NULL,NULL,NULL,NULL,NULL,'2018-04-21 15:56:18','2018-04-21 15:56:18'),(38,'荣耀畅玩7C 全面屏手机 全网通标配版 3GB+32GB ','人脸识别，双摄美拍！<a href=\'http://sale.jd.com/act/L1Y2V6ERZePab4.html\' target=\'_blank\'>荣耀爆品钜惠，选品质，购荣耀~</a>',NULL,74,75,76,8557,NULL,NULL,NULL,NULL,'2018-12-24 20:02:27',NULL,NULL,NULL,NULL,NULL,NULL,'2018-04-21 15:56:19','2018-04-21 15:56:19'),(39,'三星 Galaxy S9+（SM-G9650/DS）6GB+128GB ','【下单送无线快充！白条12期免息，Plus会员下单送14000京豆】960帧/秒凝时拍摄,Bixby智能人工助手!<a href=\'https://sale.jd.com/act/T15MnRgiasWe8L.html\' target=\'_blank\'>F1.5-2.4智能可变光圈详情猛戳>></a>',NULL,74,75,76,15127,NULL,NULL,NULL,NULL,'2018-12-24 20:02:27',NULL,NULL,NULL,NULL,NULL,NULL,'2018-04-21 15:56:21','2018-04-21 15:56:21'),(40,'小米 红米Note4X 全网通版 ','',NULL,74,75,76,18374,NULL,NULL,NULL,NULL,'2018-12-24 20:02:27',NULL,NULL,NULL,NULL,NULL,NULL,'2018-04-21 15:56:23','2018-04-21 15:56:23'),(41,'小米 红米5A 全网通版 3GB+32GB ','8天长待机，金属机身，MIUI9快如闪电<a href=\'https://item.jd.com/5901119.html#crumb-wrap\' target=\'_blank\'>4G+全网通低至569</a>',NULL,74,75,76,18374,NULL,NULL,NULL,NULL,'2018-12-24 20:02:27',NULL,NULL,NULL,NULL,NULL,NULL,'2018-04-21 15:56:25','2018-04-21 15:56:25'),(42,'vivo X21 全面屏 双摄美颜拍照手机 6GB+128GB ','【3期免息，购机送好礼】大内存，大智慧，19:9新一代全面屏手机！AI智慧拍照！照亮你的美！<a href=\'https://sale.jd.com/act/YwJvQOrbPKaLE2.html\' target=\'_blank\'>更多精彩请点击>></a>',NULL,74,75,76,25591,NULL,NULL,NULL,NULL,'2018-12-24 20:02:27',NULL,NULL,NULL,NULL,NULL,NULL,'2018-04-21 15:56:26','2018-04-21 15:56:26'),(43,'OPPO R15 全面屏双摄拍照手机 6G+128G ','R15星空紫特别版今天10点开抢，货源稀缺，手慢无！此版本包含迪丽热巴微剧同款T恤、帽子，就要这样“紫”<a href=\'https://item.jd.com/7294559.html#crumb-wrap\' target=\'_blank\'>去看热巴同款</a>',NULL,74,75,76,2032,NULL,NULL,NULL,NULL,'2018-12-24 20:02:27',NULL,NULL,NULL,NULL,NULL,NULL,'2018-04-21 15:56:27','2018-04-21 15:56:27'),(44,'华为 HUAWEI P20 AI智慧全面屏 6GB +64GB ','AI摄影大师/DxO评分过百/一秒记忆960个定格/影棚级人像自拍<a href=\'https://sale.jd.com/act/DhKrOjXnFcGL.html\' target=\'_blank\'>华为新品季，更多优惠猛戳》</a>',NULL,74,75,76,8557,NULL,NULL,NULL,NULL,'2018-12-24 20:02:27',NULL,NULL,NULL,NULL,NULL,NULL,'2018-04-21 15:56:29','2018-04-21 15:56:29'),(45,'华为畅享8 Plus 高清四摄大电池 4G+64G ','前后双摄！4000mAh大电池！三卡槽扩容无忧！人脸识别，轻松解锁！<a  target=\"_blank\"  href=\"https://sale.jd.com/act/DhKrOjXnFcGL.html\">华为新品全面上线，更多优惠猛戳》》</a>',NULL,74,75,76,8557,NULL,NULL,NULL,NULL,'2018-12-24 20:02:27',NULL,NULL,NULL,NULL,NULL,NULL,'2018-04-21 15:56:31','2018-04-21 15:56:31'),(46,'锤子（smartisan） 坚果 3 4G+64GB ','三面窄边框全面屏、金属中框、Smartisan OS智能体验系统、彩色+黑白双核！<a href=\'https://sale.jd.com/act/T14MEWpIkheDcN.html\' target=\'_blank\'>更多详情请点击</a>',NULL,74,75,76,91515,NULL,NULL,NULL,NULL,'2018-12-24 20:02:27',NULL,NULL,NULL,NULL,NULL,NULL,'2018-04-21 15:56:32','2018-04-21 15:56:32'),(47,'荣耀畅玩7A 全面屏手机 全网通标配版 2GB+32GB ','限时赠耳机，赠完即止！全屏刷脸，与声俱来，2GB+32GB，骁龙430<a href=\'http://sale.jd.com/act/L1Y2V6ERZePab4.html\' target=\'_blank\'>荣耀10 99元定金预售，点击进入》》》</a>',NULL,74,75,76,8557,NULL,NULL,NULL,NULL,'2018-12-24 20:02:27',NULL,NULL,NULL,NULL,NULL,NULL,'2018-04-21 15:56:33','2018-04-21 15:56:33'),(48,'小米（MI） 小米4A 红米4A 4G手机 ','<a href=\"https://item.jd.com/18787246601.html\" target=\"_blank\">【红米note5限时抢购】</a>流畅打王者，信号稳定，通话清晰，5.0英寸屏，学生机。',NULL,74,75,76,18374,NULL,NULL,NULL,NULL,'2018-12-24 20:02:27',NULL,NULL,NULL,NULL,NULL,NULL,'2018-04-21 15:56:35','2018-04-21 15:56:35'),(49,'小米（MI） 小米4A 红米4A 4G手机 ','1300万像素！3120mAh大电池！<a href=\"https://item.jd.com/11789883614.html\" target=\"_blank\">红米5A新品现货发售</a>',NULL,74,75,76,18374,NULL,NULL,NULL,NULL,'2018-12-24 20:02:27',NULL,NULL,NULL,NULL,NULL,NULL,'2018-04-21 15:56:36','2018-04-21 15:56:36'),(50,'三星 Galaxy S8（SM-G9500）4GB+64GB ','【送无线充电器！白条12期免息！】Plus会员送10000京豆！骁龙835芯片！<a href=\'https://sale.jd.com/act/T15MnRgiasWe8L.html\' target=\'_blank\'>三星S9震撼上市详情猛戳>></a>',NULL,74,75,76,15127,NULL,NULL,NULL,NULL,'2018-12-24 20:02:27',NULL,NULL,NULL,NULL,NULL,NULL,'2018-04-21 15:56:41','2018-04-21 15:56:41'),(51,'魅族 魅蓝 Note6 3GB+32GB 全网通公开版 ','【下单立减80元】，高通八核CPU，4000mAh快充电池！<a href=\'https://sale.jd.com/act/InqRKmz0tg.html\' target=\'_blank\'>魅蓝6秒杀大促，直降至599抢购！</a>',NULL,74,75,76,12669,NULL,NULL,NULL,NULL,'2018-12-24 20:02:27',NULL,NULL,NULL,NULL,NULL,NULL,'2018-04-21 15:56:44','2018-04-21 15:56:44'),(52,'三星 Galaxy C8（SM-C7100）4GB+64GB ','5.5英寸，后置双摄像头，面部识别+指纹识别！<a href=\'https://sale.jd.com/act/T15MnRgiasWe8L.html\' target=\'_blank\'>三星S9震撼上市详情猛戳>></a>',NULL,74,75,76,15127,NULL,NULL,NULL,NULL,'2018-12-24 20:02:27',NULL,NULL,NULL,NULL,NULL,NULL,'2018-04-21 15:56:45','2018-04-21 15:56:45'),(53,'三星 Galaxy S8+（SM-G9550）4GB+64GB ','【送无线充电器！白条12期免息！】Plus会员送11000京豆！骁龙835芯片！<a href=\'https://sale.jd.com/act/T15MnRgiasWe8L.html\' target=\'_blank\'>三星S9震撼上市详情猛戳>></a>',NULL,74,75,76,15127,NULL,NULL,NULL,NULL,'2018-12-24 20:02:27',NULL,NULL,NULL,NULL,NULL,NULL,'2018-04-21 15:56:47','2018-04-21 15:56:47'),(54,'Meitu 美图T8s','爆品直降，白条6期免息！<a href=\'https://sale.jd.com/act/YBVND8idyzEl.html\' target=\'_blank\'>更多美图精彩活动，戳</a>',NULL,74,75,76,38126,NULL,NULL,NULL,NULL,'2018-12-24 20:02:27',NULL,NULL,NULL,NULL,NULL,NULL,'2018-04-21 15:56:49','2018-04-21 15:56:49'),(55,'华为 HUAWEI 麦芒 6 全网通 4GB+64GB版 ','5.9英寸全面屏！出彩四镜头！支持NFC！<a href=\'https://sale.jd.com/act/DhKrOjXnFcGL.html\' target=\'_blank\'>华为新品全面上线，更多优惠猛戳》》</a>',NULL,74,75,76,8557,NULL,NULL,NULL,NULL,'2018-12-24 20:02:27',NULL,NULL,NULL,NULL,NULL,NULL,'2018-04-21 15:56:51','2018-04-21 15:56:51'),(56,'魅族 魅蓝 6 全网通公开版 2GB+16GB ','秒杀降至599！快速解锁，忠于体验！<a href=\'https://sale.jd.com/act/InqRKmz0tg.html\' target=\'_blank\'>魅蓝6秒杀大促，直降至599抢购！</a>',NULL,74,75,76,12669,NULL,NULL,NULL,NULL,'2018-12-24 20:02:27',NULL,NULL,NULL,NULL,NULL,NULL,'2018-04-21 15:56:52','2018-04-21 15:56:52'),(57,'360手机 F','2G+16G内存/5英寸屏幕/2.5D弧形玻璃/前置指纹识别<a href=\'http://sale.jd.com/act/lhyRYJDSTC.html\' target=\'_blank\'>360手机春季惠场，爆品领券立减100>></a>',NULL,74,75,76,27306,NULL,NULL,NULL,NULL,'2018-12-24 20:02:27',NULL,NULL,NULL,NULL,NULL,NULL,'2018-04-21 15:56:53','2018-04-21 15:56:53'),(58,'360手机 N6 Pro 全网通 6GB+64GB ','4050mAh大电池/1600万后置双摄/全面屏/骁龙660<a href=\'http://sale.jd.com/act/lhyRYJDSTC.html\' target=\'_blank\'>360手机春季惠场，爆品领券立减100>></a>',NULL,74,75,76,27306,NULL,NULL,NULL,NULL,'2018-12-24 20:02:27',NULL,NULL,NULL,NULL,NULL,NULL,'2018-04-21 15:56:55','2018-04-21 15:56:55'),(59,'华为 HUAWEI 畅享7S 全面屏双摄 4GB +64GB ','【限量领券减100】成交价1599！5.65英寸全面屏，后置双摄！<a href=\'https://item.jd.com/7029523.html#crumb-wrap\' target=\'_blank\'>华为新品季，畅享8e正式开卖》</a>',NULL,74,75,76,8557,NULL,NULL,NULL,NULL,'2018-12-24 20:02:27',NULL,NULL,NULL,NULL,NULL,NULL,'2018-04-21 15:57:00','2018-04-21 15:57:00'),(60,'三星 Galaxy S9+（SM-G9650/DS）6GB+64GB ','【下单送无线快充！白条12期免息，Plus会员下单送13400京豆】960帧/秒凝时拍摄,Bixby智能人工助手!<a href=\'https://sale.jd.com/act/T15MnRgiasWe8L.html\' target=\'_blank\'>F1.5-2.4智能可变光圈详情猛戳>></a>',NULL,74,75,76,15127,NULL,NULL,NULL,NULL,'2018-12-24 20:02:27',NULL,NULL,NULL,NULL,NULL,NULL,'2018-04-21 15:57:01','2018-04-21 15:57:01'),(61,'三星 Galaxy S9+（SM-G9650/DS）6GB+256GB ','【下单送无线快充！白条12期免息！Plus会员送14000京豆！】960帧/秒凝时拍摄,Bixby智能人工助手！<a href=\'https://sale.jd.com/act/T15MnRgiasWe8L.html\' target=\'_blank\'>F1.5-2.4智能可变光圈详情猛戳>></a>',NULL,74,75,76,15127,NULL,NULL,NULL,NULL,'2018-12-24 20:02:27',NULL,NULL,NULL,NULL,NULL,NULL,'2018-04-21 15:57:02','2018-04-21 15:57:02'),(62,'OPPO R15 梦镜版 全面屏双摄拍照手机 6G+128G ','R15星空紫特别版今天10点开抢，货源稀缺，手慢无！此版本包含迪丽热巴微剧同款T恤、帽子，就要这样“紫”<a href=\'https://item.jd.com/7294559.html#crumb-wrap\' target=\'_blank\'>去看热巴同款</a>',NULL,74,75,76,2032,NULL,NULL,NULL,NULL,'2018-12-24 20:02:27',NULL,NULL,NULL,NULL,NULL,NULL,'2018-04-21 15:57:03','2018-04-21 15:57:03'),(63,'vivo Y69 全网通 美颜拍照手机 3GB+32GB ','【超高性价比】前置1600万柔光自拍！照亮你的美！<a href=\'https://sale.jd.com/act/YwJvQOrbPKaLE2.html\' target=\'_blank\'>更多精彩请点击>></a>',NULL,74,75,76,25591,NULL,NULL,NULL,NULL,'2018-12-24 20:02:27',NULL,NULL,NULL,NULL,NULL,NULL,'2018-04-21 15:57:04','2018-04-21 15:57:04'),(64,'三星 Galaxy S9（SM-G9600/DS）4GB+128GB ','【下单送无线快充！白条12期免息，Plus会员下单送12200京豆】960帧/秒凝时拍摄,Bixby智能人工助手!<a href=\'https://sale.jd.com/act/T15MnRgiasWe8L.html\' target=\'_blank\'>三星S9震撼上市详情猛戳>></a>',NULL,74,75,76,15127,NULL,NULL,NULL,NULL,'2018-12-24 20:02:27',NULL,NULL,NULL,NULL,NULL,NULL,'2018-04-21 15:57:07','2018-04-21 15:57:07'),(65,'华为畅享8 全面屏三卡槽 4GB+64GB ','购机送重低音耳机！5.99英寸全面屏！三卡槽扩容无忧！人脸识别，轻松解锁！<a href=\'https://sale.jd.com/act/DhKrOjXnFcGL.html\' target=\'_blank\'>华为新品全面上线，更多优惠猛戳》》</a>',NULL,74,75,76,8557,NULL,NULL,NULL,NULL,'2018-12-24 20:02:27',NULL,NULL,NULL,NULL,NULL,NULL,'2018-04-21 15:57:09','2018-04-21 15:57:09'),(66,'vivo Y85 全面屏 美颜拍照手机 4GB+64GB ','【3期免息，购机送好礼】19:9比例的全新全面屏，4GB运存，指纹面部双解锁，6.26英寸大屏，AI智慧美颜，AR萌拍 ！<a href=\'https://sale.jd.com/act/YwJvQOrbPKaLE2.html\' target=\'_blank\'>更多精彩请点击>></a>',NULL,74,75,76,25591,NULL,NULL,NULL,NULL,'2018-12-24 20:02:27',NULL,NULL,NULL,NULL,NULL,NULL,'2018-04-21 15:57:11','2018-04-21 15:57:11'),(67,'【移动专享版】华为 HUAWEI P20 AI智慧全面屏 6GB+64GB ','AI摄影大师！一秒记忆960个定格！影棚级人像自拍！',NULL,74,75,76,8557,NULL,NULL,NULL,NULL,'2018-12-24 20:02:27',NULL,NULL,NULL,NULL,NULL,NULL,'2018-04-21 15:57:12','2018-04-21 15:57:12'),(68,'华为畅享8e 全面屏后置双摄 3G+32G ','5.7英寸全面屏！三卡槽扩容无忧！人脸识别，轻松解锁！<a href=\'https://sale.jd.com/act/DhKrOjXnFcGL.html\' target=\'_blank\'>华为新品全面上线，更多优惠猛戳》》</a>',NULL,74,75,76,8557,NULL,NULL,NULL,NULL,'2018-12-24 20:02:27',NULL,NULL,NULL,NULL,NULL,NULL,'2018-04-21 15:57:15','2018-04-21 15:57:15'),(69,'华为（HUAWEI） 华为P20pro 手机 ','华为直供货源大量现货！【宝石蓝128G及极光色全系为预售请见详情】自带原装耳机 <a href=\"https://item.jd.com/26816294484.html\" target=\"_blank\">华为P20</a>',NULL,74,75,76,8557,NULL,NULL,NULL,NULL,'2018-12-24 20:02:27',NULL,NULL,NULL,NULL,NULL,NULL,'2018-04-21 15:57:17','2018-04-21 15:57:17'),(70,'华为（HUAWEI） 荣耀8 青春版 手机 ','【2万+评价，正品行货】双面2.5D玻璃，我的颜值小担当<a href=\"https://item.jd.com/15936538487.html\" target=\"_blank\">【全屏四摄→荣耀9青春版】</a>',NULL,74,75,76,8557,NULL,NULL,NULL,NULL,'2018-12-24 20:02:27',NULL,NULL,NULL,NULL,NULL,NULL,'2018-04-21 15:57:19','2018-04-21 15:57:19'),(71,'小米（MI） 小米4A 红米4A 手机 ','5英寸大屏，3120mAh电池！<a href=\"https://item.jd.com/21759433312.html\" target=\"_blank\">全新骁龙636，AI双摄，逆光暗光更出色-红米note5</a>',NULL,74,75,76,18374,NULL,NULL,NULL,NULL,'2018-12-24 20:02:27',NULL,NULL,NULL,NULL,NULL,NULL,'2018-04-21 15:57:22','2018-04-21 15:57:22'),(72,'华为（HUAWEI） 华为 畅享6S 移动联通电信 智能老人手机 双卡双待 ','内置带原装保护壳 再送保护膜【自营物流 货票同行】骁龙八核32G大内存 <a href=\"https://item.jd.com/26152373867.html\" target=\"_blank\">新品荣耀7C全面屏</a>',NULL,74,75,76,8557,NULL,NULL,NULL,NULL,'2018-12-24 20:02:27',NULL,NULL,NULL,NULL,NULL,NULL,'2018-04-21 15:57:25','2018-04-21 15:57:25'),(73,'华为（HUAWEI） 荣耀7C 畅玩7C 全面屏手机 ','【全部版本现货速发！】人脸识别，双摄美拍~<a href=\"https://item.jd.com/22071534211.html\" target=\"_blank\">荣耀7X</a>',NULL,74,75,76,8557,NULL,NULL,NULL,NULL,'2018-12-24 20:02:27',NULL,NULL,NULL,NULL,NULL,NULL,'2018-04-21 15:57:28','2018-04-21 15:57:28'),(74,'华为（HUAWEI） 荣耀 畅玩6 全网通 移动联通电信4G 智能老人手机 双卡双待 ','送双重好礼=壳+膜  京东直发【内置老人桌面 适合爸妈使用】<a href=\"https://item.jd.com/26152373868.html\" target=\"_blank\">新版荣耀7C人脸识别全面屏发售</a>',NULL,74,75,76,8557,NULL,NULL,NULL,NULL,'2018-12-24 20:02:27',NULL,NULL,NULL,NULL,NULL,NULL,'2018-04-21 15:57:29','2018-04-21 15:57:29'),(75,'华为（HUAWEI） 华为nova3e 手机 ','【现货热销】前置2400万自然美妆！<a href=\"https://item.jd.com/25390983397.html\" target=\"_blank\">【华为新品P20】</a>',NULL,74,75,76,8557,NULL,NULL,NULL,NULL,'2018-12-24 20:02:27',NULL,NULL,NULL,NULL,NULL,NULL,'2018-04-21 15:57:31','2018-04-21 15:57:31'),(76,'华为（HUAWEI） 荣耀V9Play手机 ','【本商品正在参加春季大促活动】活动期间低至899！<a href=\"https://item.jd.com/25906780694.html\" target=\"_blank\">新品荣耀7C仅售899元起！</a>',NULL,74,75,76,8557,NULL,NULL,NULL,NULL,'2018-12-24 20:02:27',NULL,NULL,NULL,NULL,NULL,NULL,'2018-04-21 15:57:33','2018-04-21 15:57:33'),(77,'华为（HUAWEI） nova3e 全面屏手机 ','送原装自拍杆+补光灯+壳膜扣套装！手机自带原装耳机！<a href=\"http://item.jd.com/21678745124.html\" target=\"_blank\">nova2s</a>',NULL,74,75,76,8557,NULL,NULL,NULL,NULL,'2018-12-24 20:02:27',NULL,NULL,NULL,NULL,NULL,NULL,'2018-04-21 15:57:39','2018-04-21 15:57:39'),(78,'华为（HUAWEI） 华为 nova 3E 全面屏手机 ','现货速发！前置2400万，后置1600万双摄！自带原装耳机保护套。新品<a href=\"https://item.jd.com/26881279032.html\" target=\"_blank\">P20pro</a>极光色',NULL,74,75,76,8557,NULL,NULL,NULL,NULL,'2018-12-24 20:02:27',NULL,NULL,NULL,NULL,NULL,NULL,'2018-04-21 15:57:42','2018-04-21 15:57:42'),(79,'华为（HUAWEI） 荣耀7C 畅玩7C 手机 ','荣耀新品现货  送实用好礼 人脸识别，双摄美拍，5.99英寸全面屏  <a href=\"https://item.jd.com/24949343810.html\" target=\"_blank\">荣耀7X</a>',NULL,74,75,76,8557,NULL,NULL,NULL,NULL,'2018-12-24 20:02:27',NULL,NULL,NULL,NULL,NULL,NULL,'2018-04-21 15:57:44','2018-04-21 15:57:44'),(80,'华为（HUAWEI） 荣耀8青春版 手机 ','【尊享版4+64G低至1199元】双面2.5D玻璃，美品潮搭，颜值小担当~ <a href=\"https://item.jd.com/13114316683.html\" target=\"_blank\">荣耀9 戳我</a>',NULL,74,75,76,8557,NULL,NULL,NULL,NULL,'2018-12-24 20:02:27',NULL,NULL,NULL,NULL,NULL,NULL,'2018-04-21 15:57:47','2018-04-21 15:57:47'),(81,'华为（HUAWEI） nova 智能手机 4G手机 ','支持京东配送到付 送实用好礼 今日下单默认送延保一年 ，美颜自拍！<a href=\"https://item.jd.com/26509792446.html\" target=\"_blank\">华为nova3E热卖中</a>',NULL,74,75,76,8557,NULL,NULL,NULL,NULL,'2018-12-24 20:02:27',NULL,NULL,NULL,NULL,NULL,NULL,'2018-04-21 15:57:48','2018-04-21 15:57:48'),(82,'三星 Galaxy S8+（SM-G9550）6GB+128GB ','【送无线充电器！白条12期免息！】Plus会员送12600京豆！骁龙835芯片！<a href=\'https://sale.jd.com/act/T15MnRgiasWe8L.html\' target=\'_blank\'>三星S9震撼上市详情猛戳>></a>',NULL,74,75,76,15127,NULL,NULL,NULL,NULL,'2018-12-24 20:02:27',NULL,NULL,NULL,NULL,NULL,NULL,'2018-04-21 15:57:53','2018-04-21 15:57:53'),(83,'Meitu 美图V6（MP1605）6GB+128GB ','白条3期免息！<a href=\'https://sale.jd.com/act/YBVND8idyzEl.html\' target=\'_blank\'>更多美图精彩活动，戳</a>',NULL,74,75,76,38126,NULL,NULL,NULL,NULL,'2018-12-24 20:02:27',NULL,NULL,NULL,NULL,NULL,NULL,'2018-04-21 15:57:56','2018-04-21 15:57:56'),(84,'锤子 坚果 Pro 2 ','全面屏/骁龙660/人脸识别/后置双摄/精致美颜/18W快充！<a href=\'https://sale.jd.com/act/T14MEWpIkheDcN.html\' target=\'_blank\'>坚果3火爆新品，点此下单</a>',NULL,74,75,76,91515,NULL,NULL,NULL,NULL,'2018-12-24 20:02:27',NULL,NULL,NULL,NULL,NULL,NULL,'2018-04-21 15:57:58','2018-04-21 15:57:58'),(85,'360手机 N6 Lite 全网通 4GB+32GB ','4020mAh大电池/1300万摄像头/5.5英寸全高清屏幕/骁龙630<a href=\'http://sale.jd.com/act/lhyRYJDSTC.html\' target=\'_blank\'>360手机春季惠场，爆品领券立减100>></a>',NULL,74,75,76,27306,NULL,NULL,NULL,NULL,'2018-12-24 20:02:27',NULL,NULL,NULL,NULL,NULL,NULL,'2018-04-21 15:57:59','2018-04-21 15:57:59'),(86,'360手机 N6 全网通 6GB+64GB ','5030mAh大电池/18W快充/全面屏/骁龙630<a href=\'http://sale.jd.com/act/lhyRYJDSTC.html\' target=\'_blank\'>360手机春季惠场，爆品领券立减100>></a>',NULL,74,75,76,27306,NULL,NULL,NULL,NULL,'2018-12-24 20:02:27',NULL,NULL,NULL,NULL,NULL,NULL,'2018-04-21 15:58:00','2018-04-21 15:58:00'),(87,'魅族 魅蓝 S6 全面屏手机 全网通公开版 3GB+64GB ','下单立减60！三星7872六核处理器，侧面指纹，全面屏！<a href=\'https://sale.jd.com/act/InqRKmz0tg.html\' target=\'_blank\'>魅蓝6秒杀大促，直降至599抢购！</a>',NULL,74,75,76,12669,NULL,NULL,NULL,NULL,'2018-12-24 20:02:27',NULL,NULL,NULL,NULL,NULL,NULL,'2018-04-21 15:58:02','2018-04-21 15:58:02'),(88,'华为（HUAWEI） nova 手机 ','【送好礼，现货速发，京东配送 】4K高清视频拍摄！美颜自拍！<a href=\"https://item.jd.com/10535883236.html\" target=\"_blank\">华为nova2S热销中</a>',NULL,74,75,76,8557,NULL,NULL,NULL,NULL,'2018-12-24 20:02:27',NULL,NULL,NULL,NULL,NULL,NULL,'2018-04-21 15:58:04','2018-04-21 15:58:04'),(89,'华为（HUAWEI） 荣耀9青春版 全面屏手机 ','高配尊享直降！人脸解锁！全屏四摄正反都美【官方正品 全国联保】拍送影视会员<a href=\"https://item.jd.com/26131514039.html\" target=\"_blank\">荣耀畅玩7c</a>',NULL,74,75,76,8557,NULL,NULL,NULL,NULL,'2018-12-24 20:02:27',NULL,NULL,NULL,NULL,NULL,NULL,'2018-04-21 15:58:07','2018-04-21 15:58:07'),(90,'华为（HUAWEI） 荣耀7X 畅玩7X 手机 ','【荣耀全面屏】麒麟八核 1600万后置双摄<a href=\"https://item.jd.com/25882037762.html\" target=\"_blank\">【荣耀新机→荣耀畅玩7C】</a>',NULL,74,75,76,8557,NULL,NULL,NULL,NULL,'2018-12-24 20:02:27',NULL,NULL,NULL,NULL,NULL,NULL,'2018-04-21 15:58:09','2018-04-21 15:58:09'),(91,'华为（HUAWEI） 华为 P10 全网通4G智能手机 ','货票同行~支持七天保价，隔日达！<a href=\"https://item.jd.com/27179904421.html\" target=\"_blank\">预约抢购华为P20</a>',NULL,74,75,76,8557,NULL,NULL,NULL,NULL,'2018-12-24 20:02:27',NULL,NULL,NULL,NULL,NULL,NULL,'2018-04-21 15:58:13','2018-04-21 15:58:13'),(92,'华为（HUAWEI） 荣耀9 手机 ','【爆款 现货速发 全网通非阉割】 2000万变焦双摄，3D曲面极光玻璃！ <a href=\"https://item.jd.com/11795379839.html\" target=\"_blank\">荣耀8青春版</a>',NULL,74,75,76,8557,NULL,NULL,NULL,NULL,'2018-12-24 20:02:27',NULL,NULL,NULL,NULL,NULL,NULL,'2018-04-21 15:58:15','2018-04-21 15:58:15'),(93,'华为（HUAWEI） 华为P10 Plus 手机 ','64G版本仅需2766元，256G 黑、金、玉色现货速发！<a href=\"https://item.jd.com/26652299286.html\" target=\"_blank\">P20 Pro点这</a>',NULL,74,75,76,8557,NULL,NULL,NULL,NULL,'2018-12-24 20:02:27',NULL,NULL,NULL,NULL,NULL,NULL,'2018-04-21 15:58:19','2018-04-21 15:58:19'),(94,'华为（HUAWEI） 华为P20 手机 ','大量现货 华为直供货源！自带原装耳机 华为<a href=\"https://item.jd.com/26881279035.html\" target=\"_blank\">P20pro</a> 现货抢购！',NULL,74,75,76,8557,NULL,NULL,NULL,NULL,'2018-12-24 20:02:27',NULL,NULL,NULL,NULL,NULL,NULL,'2018-04-21 15:58:22','2018-04-21 15:58:22'),(95,'华为（HUAWEI） 华为nova2S 全面屏手机 ','送乐心运动手环+品胜10000毫安电源+暴风VR眼镜+usb分线器！<a href=\"https://item.jd.com/26399946248.html\" target=\"_blank\">华为nova3e</a>',NULL,74,75,76,8557,NULL,NULL,NULL,NULL,'2018-12-24 20:02:27',NULL,NULL,NULL,NULL,NULL,NULL,'2018-04-21 15:58:24','2018-04-21 15:58:24'),(96,'华为（HUAWEI） nova 3e 手机 ','【现货，送五重好礼】送壳膜+自拍杆+华为原装耳机+红包！<a href=\"https://item.jd.com/21678990946.html\" target=\"_blank\">nova2s热销中~</a>',NULL,74,75,76,8557,NULL,NULL,NULL,NULL,'2018-12-24 20:02:27',NULL,NULL,NULL,NULL,NULL,NULL,'2018-04-21 15:58:27','2018-04-21 15:58:27'),(97,'华为（HUAWEI） 华为 畅享6s 4G手机 ','指纹识别！金属机身！3+32大内存骁龙八核长续航！<a href=\"https://item.jd.com/21870224382.html\" target=\"_blank\">【华为新品抢先购→华为畅享8】</a>',NULL,74,75,76,8557,NULL,NULL,NULL,NULL,'2018-12-24 20:02:27',NULL,NULL,NULL,NULL,NULL,NULL,'2018-04-21 15:58:29','2018-04-21 15:58:29'),(98,'华为（HUAWEI） 荣耀 畅玩 6 全网通4G手机 双卡双待 ','',NULL,74,75,76,8557,NULL,NULL,NULL,NULL,'2018-12-24 20:02:27',NULL,NULL,NULL,NULL,NULL,NULL,'2018-04-21 15:58:31','2018-04-21 15:58:31'),(99,'华为（HUAWEI） 荣耀9手机 ','限时优惠标配下单立减50成交价低至1949元！送耳机 壳膜 ！ <a href=\"https://item.jd.com/16006217377.html\" target=\"_blank\">荣耀V10低至2499</a>',NULL,74,75,76,8557,NULL,NULL,NULL,NULL,'2018-12-24 20:02:27',NULL,NULL,NULL,NULL,NULL,NULL,'2018-04-21 15:58:33','2018-04-21 15:58:33'),(100,'华为（HUAWEI） 【白条免息】 华为V10荣耀V10 全网通手机 ','京仓直发+三期免息+货到付款+评价惊喜参考赠品<a href=\"https://item.jd.com/26222134936.html\" target=\"_blank\">【红米note5 1088起 三期免息+赠品</a>',NULL,74,75,76,8557,NULL,NULL,NULL,NULL,'2018-12-24 20:02:27',NULL,NULL,NULL,NULL,NULL,NULL,'2018-04-21 15:58:36','2018-04-21 15:58:36'),(101,'小米（MI） 小米红米4A 双卡双待4G手机 ','',NULL,74,75,76,18374,NULL,NULL,NULL,NULL,'2018-12-24 20:02:27',NULL,NULL,NULL,NULL,NULL,NULL,'2018-04-21 15:58:37','2018-04-21 15:58:37'),(102,'华为（HUAWEI） 荣耀7C 畅玩7C 全面屏 全网通4G智能手机 ','【京东仓发货 正品保证】现货速发！首批下单赠礼！全面屏！人脸识别，双摄美拍<a href=\"https://item.jd.com/26401034999.html\" target=\"_blank\">华为nova3e</a>',NULL,74,75,76,8557,NULL,NULL,NULL,NULL,'2018-12-24 20:02:27',NULL,NULL,NULL,NULL,NULL,NULL,'2018-04-21 15:58:39','2018-04-21 15:58:39'),(103,'华为（HUAWEI） 荣耀7X 畅玩7x 手机 ','送荣耀原装耳机+一万毫安电源限64/128G版本!现货速发!<a href=\"https://item.jd.com/26129180943.html\" target=\"_blank\">荣耀7C点这</a>',NULL,74,75,76,8557,NULL,NULL,NULL,NULL,'2018-12-24 20:02:27',NULL,NULL,NULL,NULL,NULL,NULL,'2018-04-21 15:58:41','2018-04-21 15:58:41'),(104,'小米（MI） 红米5 Plus 全面屏 手机 ','【江浙沪可享次日达】18:9全面屏，4000mAh大电池，骁龙八核处理器！<a href=\"https://item.jd.com/26187997701.html\" target=\"_blank\">红米note5</a>',NULL,74,75,76,18374,NULL,NULL,NULL,NULL,'2018-12-24 20:02:27',NULL,NULL,NULL,NULL,NULL,NULL,'2018-04-21 15:58:43','2018-04-21 15:58:43'),(105,'小米（MI） 红米note5 手机 ','【64G版现货开售】，下单送耳机！AI美颜双摄！暗光逆光更出色！<a href=\"https://item.jd.com/21685362088.html\" target=\"_blank\">红米5plus32G限秒！</a>',NULL,74,75,76,18374,NULL,NULL,NULL,NULL,'2018-12-24 20:02:27',NULL,NULL,NULL,NULL,NULL,NULL,'2018-04-21 15:58:46','2018-04-21 15:58:46'),(106,'小米（MI） 红米Note5 手机 ','游戏手机 王者荣耀 吃鸡 AI双摄，逆光暗光更出色 <a href=\"https://item.jd.com/21757928932.html\" target=\"_blank\">红米5plus全面屏</a>',NULL,74,75,76,18374,NULL,NULL,NULL,NULL,'2018-12-24 20:02:27',NULL,NULL,NULL,NULL,NULL,NULL,'2018-04-21 15:58:47','2018-04-21 15:58:47'),(107,'华为（HUAWEI） 荣耀6X畅玩6X手机 ','【开学爆到此商品正在参加开学季大促】活动期间享优惠促销价！<a href=\"https://item.jd.com/25906780694.html\" target=\"_blank\">荣耀7C双摄全面屏999起！</a>',NULL,74,75,76,8557,NULL,NULL,NULL,NULL,'2018-12-24 20:02:27',NULL,NULL,NULL,NULL,NULL,NULL,'2018-04-21 15:58:49','2018-04-21 15:58:49'),(108,'小米（MI） 小米4A 红米4A 智能老年人手机 双卡双待 ','【京东配送】1300万像素，骁龙处理器！轻盈小巧长续航，隐私双系统！<a href=\"https://item.jd.com/25716220476.html\" target=\"_blank\">红米5A现货速发</a>',NULL,74,75,76,18374,NULL,NULL,NULL,NULL,'2018-12-24 20:02:27',NULL,NULL,NULL,NULL,NULL,NULL,'2018-04-21 15:58:51','2018-04-21 15:58:51'),(109,'小米（MI） 小米4A 红米4A 4G手机 ','【现货速发京东物流】流畅打王者，信号稳定，通话清晰，5.0英寸屏，学生机。<a href=\"http://item.jd.com/17806958156.html\" target=\"_blank\">点击查看红米5A</a>',NULL,74,75,76,18374,NULL,NULL,NULL,NULL,'2018-12-24 20:02:27',NULL,NULL,NULL,NULL,NULL,NULL,'2018-04-21 15:58:52','2018-04-21 15:58:52'),(110,'华为（HUAWEI） 华为P10 手机 ','现货速发！送229元原装视窗保护套+壳膜扣套装！<a href=\"https://item.jd.com/26652078862.html\" target=\"_blank\">华为P20点这</a>',NULL,74,75,76,8557,NULL,NULL,NULL,NULL,'2018-12-24 20:02:27',NULL,NULL,NULL,NULL,NULL,NULL,'2018-04-21 15:58:55','2018-04-21 15:58:55'),(111,'小米（MI） 红米5A 4G手机 ','京东配送【移动版支持全网与全网版不做混发、请放心购买】<a href=\"https://item.jd.com/25617369448.html\" target=\"_blank\">购买全面屏红米NOTE5手机</a>',NULL,74,75,76,18374,NULL,NULL,NULL,NULL,'2018-12-24 20:02:27',NULL,NULL,NULL,NULL,NULL,NULL,'2018-04-21 15:58:57','2018-04-21 15:58:57'),(112,'小米（MI） 小米mix2S 手机 ','黑色全系列现货 游戏手机 骁龙845带你吃鸡/AI双摄双核极速对焦<a href=\"https://item.jd.com/21759433312.html\" target=\"_blank\">红米note5</a>',NULL,74,75,76,18374,NULL,NULL,NULL,NULL,'2018-12-24 20:02:27',NULL,NULL,NULL,NULL,NULL,NULL,'2018-04-21 15:58:58','2018-04-21 15:58:58'),(113,'小米（MI） 小米5X 手机 ','【店长推荐，现货速发】流畅打王者，骁龙处理器，5.5英寸屏，双摄拍照更美。<a href=\"https://item.jd.com/18787246601.html\" target=\"_blank\">红米note5</a>',NULL,74,75,76,18374,NULL,NULL,NULL,NULL,'2018-12-24 20:02:27',NULL,NULL,NULL,NULL,NULL,NULL,'2018-04-21 15:59:00','2018-04-21 15:59:00'),(114,'小米（MI） 小米5A 红米5A 手机 ','现货速发！5.0屏幕，1300万摄像头，高通骁龙处理器！<a href=\"https://item.jd.com/21579919293.html\" target=\"_blank\">新品红米5</a>',NULL,74,75,76,18374,NULL,NULL,NULL,NULL,'2018-12-24 20:02:27',NULL,NULL,NULL,NULL,NULL,NULL,'2018-04-21 15:59:02','2018-04-21 15:59:02'),(115,'小米（MI） 小米 红米note5A 手机 ','【64G少量到货】1600万柔光自拍，高通骁龙处理器，2+1卡槽设计！<a href=\"https://item.jd.com/18787246601.html\" target=\"_blank\">爆款红米note5！</a>',NULL,74,75,76,18374,NULL,NULL,NULL,NULL,'2018-12-24 20:02:27',NULL,NULL,NULL,NULL,NULL,NULL,'2018-04-21 15:59:06','2018-04-21 15:59:06'),(116,'小米（MI） 红米Note5 全面屏 手机 ','送耳机+壳膜+指环扣   游戏手机 \"吃鸡\"利器 王者荣耀  AI美颜双摄！<a href=\"https://item.jd.com/21676582422.html\" target=\"_blank\">红米5plus</a>',NULL,74,75,76,18374,NULL,NULL,NULL,NULL,'2018-12-24 20:02:27',NULL,NULL,NULL,NULL,NULL,NULL,'2018-04-21 15:59:09','2018-04-21 15:59:09'),(117,'小米 红米5Plus 手机 ','【全网通不混发丨原装防摔壳】18:9全面屏丨骁龙8核处理器→<a href=\"https://item.jd.com/21117453994.html\" target=\"_blank\">新品红米note5，1499元</a>',NULL,74,75,76,18374,NULL,NULL,NULL,NULL,'2018-12-24 20:02:27',NULL,NULL,NULL,NULL,NULL,NULL,'2018-04-21 15:59:11','2018-04-21 15:59:11'),(118,'小米 note3 手机 ','全网通版不混发丨含原装壳丨人脸解锁丨美颜+后置1200万丨快充丨NFC→<a href=\"http://item.jd.com/21117453994.html\" target=\"_blank\">新品红米note5</a>',NULL,74,75,76,18374,NULL,NULL,NULL,NULL,'2018-12-24 20:02:27',NULL,NULL,NULL,NULL,NULL,NULL,'2018-04-21 15:59:12','2018-04-21 15:59:12'),(119,'小米（MI） 红米5 Plus 手机 全面屏 ','【全网通，谢绝阉割版】全面屏，骁龙625处理器！<a href=\"https://item.jd.com/21759433312.html\" target=\"_blank\">全面屏-骁龙636-看新品-红米NOTE5</a>',NULL,74,75,76,18374,NULL,NULL,NULL,NULL,'2018-12-24 20:02:27',NULL,NULL,NULL,NULL,NULL,NULL,'2018-04-21 15:59:14','2018-04-21 15:59:14'),(120,'华为（HUAWEI） 荣耀V10 手机 ','【荣耀旗舰】【下单赠壳膜】麒麟970！2000万AI变焦双摄<a href=\"https://item.jd.com/25882037762.html\" target=\"_blank\">【荣耀畅玩7C】</a>',NULL,74,75,76,8557,NULL,NULL,NULL,NULL,'2018-12-24 20:02:27',NULL,NULL,NULL,NULL,NULL,NULL,'2018-04-21 15:59:16','2018-04-21 15:59:16'),(121,'魅族 魅蓝Note5 全网通公开版 3GB+32GB ','4000mAh真快充！金属指纹大运存！<a href=\'https://sale.jd.com/act/InqRKmz0tg.html\' target=\'_blank\'>魅蓝6秒杀大促，直降至599抢购！</a>',NULL,74,75,76,12669,NULL,NULL,NULL,NULL,'2018-12-24 20:02:27',NULL,NULL,NULL,NULL,NULL,NULL,'2018-04-21 15:59:18','2018-04-21 15:59:18'),(122,'魅族 魅蓝A5 移动定制版 2GB+16GB ','小身量，大电量，3060mAh！800万像素主摄像头！<a href=\'https://sale.jd.com/act/InqRKmz0tg.html\' target=\'_blank\'>魅蓝6秒杀大促，直降至599抢购！</a>',NULL,74,75,76,12669,NULL,NULL,NULL,NULL,'2018-12-24 20:02:27',NULL,NULL,NULL,NULL,NULL,NULL,'2018-04-21 15:59:19','2018-04-21 15:59:19'),(123,'魅族 PRO 7 4GB+64GB 全网通公开版 ','12期免息，买送耳机（数量有限，送完即止）<a href=\'https://sale.jd.com/act/InqRKmz0tg.html\' target=\'_blank\'>魅蓝6秒杀大促，直降至599抢购！</a>',NULL,74,75,76,12669,NULL,NULL,NULL,NULL,'2018-12-24 20:02:27',NULL,NULL,NULL,NULL,NULL,NULL,'2018-04-21 15:59:22','2018-04-21 15:59:22'),(124,'努比亚','无边框体验/7.5mm轻薄机身和3000mAh电池/无界续航告别一天一充！<a  target=\"_blank\"  href=\"https://sale.jd.com/act/D0Q7hajCRAWrBL.html\">更多好货请点击</a>',NULL,74,75,76,27094,NULL,NULL,NULL,NULL,'2018-12-24 20:02:27',NULL,NULL,NULL,NULL,NULL,NULL,'2018-04-21 15:59:24','2018-04-21 15:59:24'),(125,'vivo X20 全面屏 双摄美颜拍照手机 4GB+64GB ','【直降200元，白条3期免息】18:9高清全面屏，指纹面部双解锁，逆光也清晰，照亮你的美！<a href=\'https://sale.jd.com/act/YwJvQOrbPKaLE2.html\' target=\'_blank\'>更多精彩点击>>></a>',NULL,74,75,76,25591,NULL,NULL,NULL,NULL,'2018-12-24 20:02:27',NULL,NULL,NULL,NULL,NULL,NULL,'2018-04-21 15:59:28','2018-04-21 15:59:28'),(126,'vivo X9s Plus 全网通 美颜拍照手机 4GB+64GB ','【3期免息，购机送好礼】旗舰产品，超高性价比！前置柔光拍摄！照亮你的美！部分地区有货，速来抢购！<a href=\'https://sale.jd.com/act/YwJvQOrbPKaLE2.html\' target=\'_blank\'>更多精彩请点击>></a>',NULL,74,75,76,25591,NULL,NULL,NULL,NULL,'2018-12-24 20:02:27',NULL,NULL,NULL,NULL,NULL,NULL,'2018-04-21 15:59:32','2018-04-21 15:59:32'),(127,'努比亚（nubia）Z17 无边框 ','旗舰无边框！8GB＋64GB大内存！2300万＋1200万变焦双摄！极速闪充！<a  target=\"_blank\"  href=\"http://item.jd.com/6994622.html?from_saf=1\">红魔游戏手机火热预约中</a>',NULL,74,75,76,27094,NULL,NULL,NULL,NULL,'2018-12-24 20:02:27',NULL,NULL,NULL,NULL,NULL,NULL,'2018-04-21 15:59:34','2018-04-21 15:59:34'),(128,'华为（HUAWEI） Mate10 Pro 手机 ','送华为原装视窗保护套+华为原装蓝牙音箱+品胜10000毫安电源+乐心运动手环！<a href=\"http://item.jd.com/18167356217.html\" target=\"_blank\">mate10</a>',NULL,74,75,76,8557,NULL,NULL,NULL,NULL,'2018-12-24 20:02:27',NULL,NULL,NULL,NULL,NULL,NULL,'2018-04-21 15:59:36','2018-04-21 15:59:36'),(129,'小米（MI） 红米5 plus 手机 ','18:9全面屏，4000mAh大电池，骁龙八核处理器！<a href=\"https://item.jd.com/21685362089.html\" target=\"_blank\">32G金色限时8XX秒！</a>',NULL,74,75,76,18374,NULL,NULL,NULL,NULL,'2018-12-24 20:02:27',NULL,NULL,NULL,NULL,NULL,NULL,'2018-04-21 15:59:38','2018-04-21 15:59:38'),(130,'小米（MI） 小米MIX2S 手机 ','新品现货发售！全面屏陶瓷手机，高通处理器845，AI双摄双核极速对焦！<a href=\"https://item.jd.com/18787246601.html\" target=\"_blank\">爆款红米note5</a>',NULL,74,75,76,18374,NULL,NULL,NULL,NULL,'2018-12-24 20:02:27',NULL,NULL,NULL,NULL,NULL,NULL,'2018-04-21 15:59:39','2018-04-21 15:59:39'),(131,'华为（HUAWEI） 华为nova2手机 ','【移动版支持全网与全网版不做混发、请放心购买】<a href=\"https://item.jd.com/26397633043.html\" target=\"_blank\">【新品现货nova3e】</a>',NULL,74,75,76,8557,NULL,NULL,NULL,NULL,'2018-12-24 20:02:27',NULL,NULL,NULL,NULL,NULL,NULL,'2018-04-21 15:59:42','2018-04-21 15:59:42'),(132,'华为（HUAWEI） 华为nova青春版 手机 ','【现货速发，京东配送】麒麟658！柔光护眼屏！双面弧面玻璃！<a href=\"https://item.jd.com/26510592706.html\" target=\"_blank\">华为P20震撼上市！</a>',NULL,74,75,76,8557,NULL,NULL,NULL,NULL,'2018-12-24 20:02:27',NULL,NULL,NULL,NULL,NULL,NULL,'2018-04-21 15:59:44','2018-04-21 15:59:44'),(133,'小米（MI） 红米note5 全面屏手机 ','AI美颜双摄，人脸解锁，4000mAh大电量！点击<a href=\"https://sale.jd.com/m/act/hAaGFCsbdQ8xnMV.html\" target=\"_blank\">小米特惠专场</a>',NULL,74,75,76,18374,NULL,NULL,NULL,NULL,'2018-12-24 20:02:27',NULL,NULL,NULL,NULL,NULL,NULL,'2018-04-21 15:59:48','2018-04-21 15:59:48'),(134,'小米 红米Note4X 全网通版 ','<a href=\"https://item.jd.com/26438399057.html\" target=\"_blank\">【小米新品】~红米note5 AI智能双摄</a>',NULL,74,75,76,18374,NULL,NULL,NULL,NULL,'2018-12-24 20:02:27',NULL,NULL,NULL,NULL,NULL,NULL,'2018-04-21 15:59:51','2018-04-21 15:59:51'),(135,'小米（MI） mix2s全面屏游戏手机 ','京东配送好礼64G现货高通处理器845AI双摄双核极速对焦~<a href=\"https://item.jd.com/16716408877.html\" target=\"_blank\">小米mix2热卖中~！</a>',NULL,74,75,76,18374,NULL,NULL,NULL,NULL,'2018-12-24 20:02:27',NULL,NULL,NULL,NULL,NULL,NULL,'2018-04-21 15:59:52','2018-04-21 15:59:52'),(136,'小米（MI） 小米note3 手机 亮','5.5英寸屏，骁龙660，人脸解锁，双摄镜头拍人更美！<a href=\"https://item.jd.com/18787246601.html\" target=\"_blank\">爆款红米note5现货！</a>',NULL,74,75,76,18374,NULL,NULL,NULL,NULL,'2018-12-24 20:02:27',NULL,NULL,NULL,NULL,NULL,NULL,'2018-04-21 15:59:53','2018-04-21 15:59:53'),(137,'小米（MI） 红米5 Plus 全网通4G 移动联通电信4G智能手机 双卡双待 ','18:9千元全面屏，前置柔光自拍，骁龙8核处理器<a href=\"https://item.jd.com/26438399057.html\" target=\"_blank\">【小米新品】~红米note5 AI智能双摄</a>',NULL,74,75,76,18374,NULL,NULL,NULL,NULL,'2018-12-24 20:02:27',NULL,NULL,NULL,NULL,NULL,NULL,'2018-04-21 15:59:55','2018-04-21 15:59:55'),(138,'小米（MI） 小米 MIX2S 全面屏 游戏手机 双卡双待 ','【推荐256G黑色现货速发 白色预订30天发货】高通处理器845，AI双摄双核极速对焦',NULL,74,75,76,18374,NULL,NULL,NULL,NULL,'2018-12-24 20:02:27',NULL,NULL,NULL,NULL,NULL,NULL,'2018-04-21 15:59:56','2018-04-21 15:59:56'),(139,'华为（HUAWEI） 荣耀 V9 Play手机 ','科技美学，北欧极简设计<a href=\"https://item.jd.com/15936740403.html\" target=\"_blank\">【荣耀全面屏→荣耀7x】</a>',NULL,74,75,76,8557,NULL,NULL,NULL,NULL,'2018-12-24 20:02:27',NULL,NULL,NULL,NULL,NULL,NULL,'2018-04-21 15:59:57','2018-04-21 15:59:57'),(140,'小米（MI） 小米MIX2S 全面屏手机 ','高通处理器845，AI双摄，支持无线快充 <a href=\"https://item.jd.com/26262075570.html\" target=\"_blank\">红米note5</a>',NULL,74,75,76,18374,NULL,NULL,NULL,NULL,'2018-12-24 20:02:27',NULL,NULL,NULL,NULL,NULL,NULL,'2018-04-21 15:59:58','2018-04-21 15:59:58'),(141,'小米 MI 6 手机 ','含原装壳丨变焦双摄丨骁龙处理器丨NFC丨<a href=\"https://item.jd.com/22320392453.html\" target=\"_blank\">小米note3骁龙八核处理器</a>',NULL,74,75,76,18374,NULL,NULL,NULL,NULL,'2018-12-24 20:02:27',NULL,NULL,NULL,NULL,NULL,NULL,'2018-04-21 16:00:00','2018-04-21 16:00:00'),(142,'小米（MI） 红米note5 手机 ','【赠多重好礼】 游戏手机 王者荣耀 吃鸡 AI双摄逆光暗光更出色/<a href=\"https://item.jd.com/21676464002.html\" target=\"_blank\">红米5plus推广中</a>',NULL,74,75,76,18374,NULL,NULL,NULL,NULL,'2018-12-24 20:02:27',NULL,NULL,NULL,NULL,NULL,NULL,'2018-04-21 16:00:02','2018-04-21 16:00:02'),(143,'华为（HUAWEI） 荣耀9青春版 手机 ','【下单赠钢化膜】全屏四摄正反都美<a href=\"https://item.jd.com/25882037762.html\" target=\"_blank\">【选“C”没错→荣耀畅玩7C】</a>',NULL,74,75,76,8557,NULL,NULL,NULL,NULL,'2018-12-24 20:02:27',NULL,NULL,NULL,NULL,NULL,NULL,'2018-04-21 16:00:06','2018-04-21 16:00:06'),(144,'华为（HUAWEI） 华为 畅享6S 手机 ','指纹识别！金属机身！3+32大内存骁龙八核长续航！<a href=\"https://item.jd.com/16097496669.html\" target=\"_blank\">中兴A3特惠促销，下单有礼</a>',NULL,74,75,76,8557,NULL,NULL,NULL,NULL,'2018-12-24 20:02:27',NULL,NULL,NULL,NULL,NULL,NULL,'2018-04-21 16:00:08','2018-04-21 16:00:08'),(145,'锤子（smartisan） 坚果32 手机 ','【新品开售享壕礼】下单即送智能手环、蓝牙耳机、自拍杆~ <a href=\"https://item.jd.com/19566307882.html\" target=\"_blank\">点击购买坚果 Pro2 ！</a>',NULL,74,75,76,91515,NULL,NULL,NULL,NULL,'2018-12-24 20:02:27',NULL,NULL,NULL,NULL,NULL,NULL,'2018-04-21 16:00:09','2018-04-29 11:26:43'),(146,'华为（HUAWEI） Nova3e 手机 ','【京东配 三期免息】现货销售，下单即送多重好礼！！<a href=\"https://item.jd.com/25642117158.html\" target=\"_blank\">【新品畅享8 白条免息抢现货】</a>',NULL,74,75,76,8557,NULL,NULL,NULL,NULL,'2018-12-24 20:02:27',NULL,NULL,NULL,NULL,NULL,NULL,'2018-04-21 16:00:11','2018-04-21 16:00:11'),(147,'华为（HUAWEI） nova青春版 手机 ','【现货速发】麒麟658！柔光护眼屏！双面弧面玻璃！点击<a href=\"https://item.jd.com/21381869254.html\" target=\"_blank\">畅享7s</a>',NULL,74,75,76,8557,NULL,NULL,NULL,NULL,'2018-12-24 20:02:27',NULL,NULL,NULL,NULL,NULL,NULL,'2018-04-21 16:00:14','2018-04-21 16:00:14'),(148,'vivo X21 新一代全面屏 双摄拍照手机 移动联通电信4G 双卡双待 ','<a href=\"https://sale.jd.com/act/vGWKogOy2nbPpQ.html\" target=\"_blank\">vivo X21新一代全面屏·6+128G大内存·AI智慧拍照·照亮你的美·现货抢购中</a>',NULL,74,75,76,25591,NULL,NULL,NULL,NULL,'2018-12-24 20:02:27',NULL,NULL,NULL,NULL,NULL,NULL,'2018-04-21 16:00:16','2018-04-21 16:00:16'),(149,'华为（HUAWEI） 麦芒5手机（4G+64G）全网通高配版 4G手机 双卡双待 ','高配4+64G版金色现货速发 高通骁龙625芯片金属机身',NULL,74,75,76,8557,NULL,NULL,NULL,NULL,'2018-12-24 20:02:27',NULL,NULL,NULL,NULL,NULL,NULL,'2018-04-21 16:00:18','2018-04-21 16:00:18'),(150,'华为（HUAWEI） nova 3e全面屏手机 ','送荣耀自拍杆+荣耀2合1数据线+荣耀手机支架+优质钢化膜！<a href=\"https://item.jd.com/21685713775.html\" target=\"_blank\">华为Nova 2S</a>',NULL,74,75,76,8557,NULL,NULL,NULL,NULL,'2018-12-24 20:02:27',NULL,NULL,NULL,NULL,NULL,NULL,'2018-04-21 16:00:21','2018-04-21 16:00:21'),(151,'魅族（MEIZU） 魅蓝note6 手机 ','1600万前置美拍，后置双摄像头，高通骁龙625处理器！<a href=\"https://item.jd.com/25644003916.html\" target=\"_blank\">【新品魅蓝E3】</a>',NULL,74,75,76,12669,NULL,NULL,NULL,NULL,'2018-12-24 20:02:27',NULL,NULL,NULL,NULL,NULL,NULL,'2018-04-21 16:00:23','2018-04-21 16:00:23'),(152,'vivo Y69 全网通手机 3GB+32GB移动联通电信4G手机双卡双待 ','',NULL,74,75,76,25591,NULL,NULL,NULL,NULL,'2018-12-24 20:02:27',NULL,NULL,NULL,NULL,NULL,NULL,'2018-04-21 16:00:25','2018-04-21 16:00:25'),(153,'华为（HUAWEI） 华为 麦芒5 手机 ','【现货速发】5.5英寸大屏、八核处理器！ <a href=\"https://item.jd.com/16986927363.html\" target=\"_blank\">【新品麦芒6】</a>',NULL,74,75,76,8557,NULL,NULL,NULL,NULL,'2018-12-24 20:02:27',NULL,NULL,NULL,NULL,NULL,NULL,'2018-04-21 16:00:26','2018-04-21 16:00:26'),(154,'魅族（MEIZU） 魅蓝S6 手机 ','疾速游戏芯片 侧面指纹 全面屏！<a href=\"https://item.jd.com/25644003916.html\" target=\"_blank\">新品魅蓝E3</a>',NULL,74,75,76,12669,NULL,NULL,NULL,NULL,'2018-12-24 20:02:27',NULL,NULL,NULL,NULL,NULL,NULL,'2018-04-21 16:00:28','2018-04-21 16:00:28'),(155,'魅族（MEIZU） 魅蓝S6 手机 ','支持京东配到付，三星Exynos芯片 全面屏侧边指纹识别 评价晒图返好礼',NULL,74,75,76,12669,NULL,NULL,NULL,NULL,'2018-12-24 20:02:27',NULL,NULL,NULL,NULL,NULL,NULL,'2018-04-21 16:00:30','2018-04-21 16:00:30'),(156,'魅族（MEIZU） 魅族6 魅蓝6 手机 ','【送壳，膜现货即发】高颜值！800万+1300万像素！八核处理器！<a href=\"https://item.jd.com/25644003916.html\" target=\"_blank\">新品魅蓝E3</a>',NULL,74,75,76,12669,NULL,NULL,NULL,NULL,'2018-12-24 20:02:27',NULL,NULL,NULL,NULL,NULL,NULL,'2018-04-21 16:00:32','2018-04-21 16:00:32'),(157,'vivo Y67 全网通 美颜拍照手机 4GB+','【3期免息，购机送好礼】火爆！超高性价比！1600万柔光自拍！照亮你的美！仅部分地区有货，速来抢购！<a href=\'https://sale.jd.com/act/YwJvQOrbPKaLE2.html\' target=\'_blank\'>更多精彩请点击>></a>',NULL,74,75,76,25591,NULL,NULL,NULL,NULL,'2018-12-24 20:02:27',NULL,NULL,NULL,NULL,NULL,NULL,'2018-04-21 16:00:37','2018-04-21 16:00:37'),(158,'诺基亚 7 (Nokia 7) ','【白条6期免息】6GB内存，蔡司摄像头，OZO音频技术~<a  target=\"_blank\"  href=\"https://sale.jd.com/act/4uxod5tD1mH.html\">猛戳进入主会场>></a>',NULL,74,75,76,13539,NULL,NULL,NULL,NULL,'2018-12-24 20:02:27',NULL,NULL,NULL,NULL,NULL,NULL,'2018-04-21 16:00:38','2018-04-21 16:00:38'),(159,'【送水晶项链】vivo X20 Plus 全面屏','【6期免息】18:9全面屏！超大屏幕，多送项链礼盒，更超值！游戏免打扰模式！畅快开黑！部分地区有货，速来抢购！<a href=\'https://sale.jd.com/act/YwJvQOrbPKaLE2.html\' target=\'_blank\'>更多精彩请点击>></a>',NULL,74,75,76,25591,NULL,NULL,NULL,NULL,'2018-12-24 20:02:27',NULL,NULL,NULL,NULL,NULL,NULL,'2018-04-21 16:00:41','2018-04-21 16:00:41'),(160,'魅族（MEIZU） 魅蓝E3 全面屏手机 全网通4G手机 ','【128G金色少量到货】预售30天发货 骁龙8核处理器，6G大内存，索尼双摄，低温快充',NULL,74,75,76,12669,NULL,NULL,NULL,NULL,'2018-12-24 20:02:27',NULL,NULL,NULL,NULL,NULL,NULL,'2018-04-21 16:00:44','2018-04-21 16:00:44'),(161,'魅族（MEIZU） 魅蓝E3手机 ','魅蓝E3 金色现货发售！6G大内存，索尼双摄，低温快充！<a href=\"https://item.jd.com/15610845217.html\" target=\"_blank\">魅蓝note6大促中</a>',NULL,74,75,76,12669,NULL,NULL,NULL,NULL,'2018-12-24 20:02:27',NULL,NULL,NULL,NULL,NULL,NULL,'2018-04-21 16:00:45','2018-04-21 16:00:45'),(162,'小米（MI） 小米MAX2 手机 6.44英寸 大屏幕 ','现货速发 6.44英寸屏幕，骁龙625处理器！热卖新品<a href=\"https://item.jd.com/26266519559.html\" target=\"_blank\">红米note5~</a>',NULL,74,75,76,18374,NULL,NULL,NULL,NULL,'2018-12-24 20:02:27',NULL,NULL,NULL,NULL,NULL,NULL,'2018-04-21 16:00:47','2018-04-21 16:00:47'),(163,'魅族（MEIZU） 魅蓝note6 全网通4G手机 双卡双待 ','<a href=\"https://item.jd.com/16844585370.html\" target=\"_blank\">（晒图写心得拿影视会员）@note6全网通香槟金仅需799！</a>送硅胶.钢化.耳机',NULL,74,75,76,12669,NULL,NULL,NULL,NULL,'2018-12-24 20:02:27',NULL,NULL,NULL,NULL,NULL,NULL,'2018-04-21 16:00:49','2018-04-21 16:00:49'),(164,'华为（HUAWEI） 荣耀8 手机 ','【店长推荐】美得与众不同！<a href=\"https://item.jd.com/25882037762.html\" target=\"_blank\">【荣耀新款全面屏手机→荣耀畅玩7C】</a>',NULL,74,75,76,8557,NULL,NULL,NULL,NULL,'2018-12-24 20:02:27',NULL,NULL,NULL,NULL,NULL,NULL,'2018-04-21 16:00:51','2018-04-21 16:00:51'),(165,'小米（MI） 小米note3 手机 ','赠壳膜全国联保京东配送/屏四曲面陶瓷机身骁龙835<a href=\"https://item.jd.com/16716408877.html\" target=\"_blank\">小米MIX2点击购买</a>',NULL,74,75,76,18374,NULL,NULL,NULL,NULL,'2018-12-24 20:02:27',NULL,NULL,NULL,NULL,NULL,NULL,'2018-04-21 16:00:54','2018-04-21 16:00:54'),(166,'华为（HUAWEI） Mate10 手机 ','送华为原装视窗保护套+华为原装蓝牙耳机+乐心运动手环+钢化膜等！<a href=\"https://item.jd.com/18180585426.html\" target=\"_blank\">mate10pro</a>',NULL,74,75,76,8557,NULL,NULL,NULL,NULL,'2018-12-24 20:02:27',NULL,NULL,NULL,NULL,NULL,NULL,'2018-04-21 16:00:56','2018-04-21 16:00:56'),(167,'华为（HUAWEI） 畅享6S 移动联通电信4G手机 ','【正品国行,全新原封】骁龙芯片！金属机身！享看又享玩！<a href=\"https://item.jd.com/12207790357.html\" target=\"_blank\">荣耀8青春热卖中！</a>',NULL,74,75,76,8557,NULL,NULL,NULL,NULL,'2018-12-24 20:02:27',NULL,NULL,NULL,NULL,NULL,NULL,'2018-04-21 16:00:57','2018-04-21 16:00:57'),(168,'小米（MI） 小米5X 手机 ','【爆款低价 移动/公开全网通不做混发，请放心购买！】5.5”屏幕，变焦双摄！<a href=\"https://item.jd.com/12068579160.html\" target=\"_blank\">戳戳小米6~</a>',NULL,74,75,76,18374,NULL,NULL,NULL,NULL,'2018-12-24 20:02:27',NULL,NULL,NULL,NULL,NULL,NULL,'2018-04-21 16:00:59','2018-04-21 16:00:59'),(169,'华为（HUAWEI） 荣耀V10手机 ','【下单立减】送荣耀自拍杆+荣耀2合1数据线+荣耀手机支架+壳膜套装!<a href=\"https://item.jd.com/25749144099.html\" target=\"_blank\">荣耀畅玩7X</a>',NULL,74,75,76,8557,NULL,NULL,NULL,NULL,'2018-12-24 20:02:27',NULL,NULL,NULL,NULL,NULL,NULL,'2018-04-21 16:01:02','2018-04-21 16:01:02'),(170,'魅族（MEIZU） 魅族 魅蓝A5 4G手机 双卡双待 ','魅族新品千元机',NULL,74,75,76,12669,NULL,NULL,NULL,NULL,'2018-12-24 20:02:27',NULL,NULL,NULL,NULL,NULL,NULL,'2018-04-21 16:01:03','2018-04-21 16:01:03'),(171,'华为（HUAWEI） 华为P20 Pro 全面屏 手机 ','【全国多仓发货】送价值158元原装礼盒（自拍杆+数据线+指环扣）+原装耳机！<a href=\"https://item.jd.com/13039618422.html\" target=\"_blank\">抢华为P20</a>',NULL,74,75,76,8557,NULL,NULL,NULL,NULL,'2018-12-24 20:02:27',NULL,NULL,NULL,NULL,NULL,NULL,'2018-04-21 16:01:05','2018-04-21 16:01:05'),(172,'华为（HUAWEI） 华为 畅享6S 手机 ','京东配送！  骁龙芯片！金属机身！  <a href=\"https://item.jd.com/21669543700.html\" target=\"_blank\">【新品畅享7s】</a>',NULL,74,75,76,8557,NULL,NULL,NULL,NULL,'2018-12-24 20:02:27',NULL,NULL,NULL,NULL,NULL,NULL,'2018-04-21 16:01:07','2018-04-21 16:01:07'),(173,'华为（HUAWEI） 荣耀 畅玩6 全网通4G智能手机 双卡双待 2G+16G ','【京东仓发货 正品保证】柔光自拍，舒适握感，长续航！<a href=\"https://item.jd.com/26134956416.html\" target=\"_blank\">新品荣耀畅玩7C！</a>',NULL,74,75,76,8557,NULL,NULL,NULL,NULL,'2018-12-24 20:02:27',NULL,NULL,NULL,NULL,NULL,NULL,'2018-04-21 16:01:08','2018-04-21 16:01:08'),(174,'小米（MI） 红米5 Plus 4+64G 全面屏手机 双卡双待 ','下单送好礼 自营配送 18:9千元全面屏 前置柔光自拍 4000毫安大电池 骁龙八核处理器',NULL,74,75,76,18374,NULL,NULL,NULL,NULL,'2018-12-24 20:02:27',NULL,NULL,NULL,NULL,NULL,NULL,'2018-04-21 16:01:10','2018-04-21 16:01:10'),(175,'华为（HUAWEI） nova 3e 手机 ','【现货，送五重好礼】前置2400万自然美妆，送华为原装耳机等！<a href=\"https://item.jd.com/21698630782.html\" target=\"_blank\">华为nova2s热销中~</a>',NULL,74,75,76,8557,NULL,NULL,NULL,NULL,'2018-12-24 20:02:27',NULL,NULL,NULL,NULL,NULL,NULL,'2018-04-21 16:01:13','2018-04-21 16:01:13'),(176,'vivo X21 屏幕指纹 双摄拍照手机 6GB+128GB 移动联通电信4G 双卡双待 ','【稀缺货品】屏幕指纹识别·3D曲面背部玻璃·AI智慧拍照·照亮你的美·<a href=\"https://sale.jd.com/act/vGWKogOy2nbPpQ.html\" target=\"_blank\">更多精彩点击</a>',NULL,74,75,76,25591,NULL,NULL,NULL,NULL,'2018-12-24 20:02:27',NULL,NULL,NULL,NULL,NULL,NULL,'2018-04-21 16:01:14','2018-04-21 16:01:14'),(177,'小米（MI） 小米Max2 手机 双卡双待 ','【小米大屏手机】6.44英寸屏，5300毫安电池。大屏玩王者荣耀更爽！<a href=\"https://item.jd.com/13038819059.html\" target=\"_blank\">变焦双摄小米5X</a>',NULL,74,75,76,18374,NULL,NULL,NULL,NULL,'2018-12-24 20:02:27',NULL,NULL,NULL,NULL,NULL,NULL,'2018-04-21 16:01:16','2018-04-21 16:01:16'),(178,'华为（HUAWEI） 荣耀 畅玩6 手机 ','【京仓直发】柔光自拍，舒适握感，长续航！<a href=\"https://item.jd.com/25882037762.html\" target=\"_blank\">【荣耀</a>',NULL,74,75,76,8557,NULL,NULL,NULL,NULL,'2018-12-24 20:02:27',NULL,NULL,NULL,NULL,NULL,NULL,'2018-04-21 16:01:17','2018-04-21 16:01:17'),(179,'华为（HUAWEI） 荣耀7C 畅玩7C手机 全网通4G 全面屏 ','【官方正品 全国联保】人脸识别 双摄美拍！高配拍送荣耀耳机<a href=\"https://item.jd.com/26131514041.html\" target=\"_blank\">@64G优惠购</a>',NULL,74,75,76,8557,NULL,NULL,NULL,NULL,'2018-12-24 20:02:27',NULL,NULL,NULL,NULL,NULL,NULL,'2018-04-21 16:01:19','2018-04-21 16:01:19'),(180,'魅族（MEIZU） pro 6 plus手机 移动联通版 ','【现货 劲爆价促销】<a href=\"https://item.jd.com/25109782095.html\" target=\"_blank\">魅蓝6 低至649元 评价更有好礼送</a>',NULL,74,75,76,12669,NULL,NULL,NULL,NULL,'2018-12-24 20:02:27',NULL,NULL,NULL,NULL,NULL,NULL,'2018-04-21 16:01:21','2018-04-21 16:01:21'),(181,'vivo Y75 全面屏手机 4GB+32GB 移动联通电信4G手机 双卡双待 ','<a href=\"https://sale.jd.com/act/vGWKogOy2nbPpQ.html\" target=\"_blank\">vivo X21新一代全面屏·6+128G大内存·AI智慧拍照·照亮你的美·现货抢购中</a>',NULL,74,75,76,25591,NULL,NULL,NULL,NULL,'2018-12-24 20:02:27',NULL,NULL,NULL,NULL,NULL,NULL,'2018-04-21 16:01:24','2018-04-21 16:01:24'),(182,'小米（MI） 小米5X 全网通4G智能手机 ','骁龙 八核CPU处理器 5.5英寸屏幕<a href=\"https://item.jd.com/26438399057.html\" target=\"_blank\">【小米新品】~红米note5 AI智能双摄</a>',NULL,74,75,76,18374,NULL,NULL,NULL,NULL,'2018-12-24 20:02:27',NULL,NULL,NULL,NULL,NULL,NULL,'2018-04-21 16:01:27','2018-04-21 16:01:27'),(202,'ESK  Plus抗蓝光钢化膜','苹果8plus钢化膜 苹果7plus钢化膜 苹果6plus钢化膜 苹果6s plus钢化膜 iPhone8 plus钢化膜 iPhone7 plus钢化膜 iphone6 plus钢化膜',NULL,74,83,90,325398,NULL,NULL,NULL,NULL,'2018-12-24 20:02:27',NULL,NULL,NULL,NULL,NULL,NULL,'2018-04-22 00:27:26','2018-04-22 00:27:26'),(203,'亿色(ESR) 苹果8/7/6s/6钢化膜','配件大焕新~亿色自营官方旗舰店优质好货,低至5.9元!手机保护充电线材任君挑选，凑单还能省运费点我进店抢购(此商品不参加上述活动)',NULL,74,83,90,325399,NULL,NULL,NULL,NULL,'2018-12-24 20:02:27',NULL,NULL,NULL,NULL,NULL,NULL,'2018-04-22 00:30:24','2018-04-22 00:30:24'),(204,'小米（MI）电视','电视新品上新 !',NULL,103,104,105,18374,NULL,NULL,NULL,NULL,'2018-12-24 20:02:27',NULL,NULL,NULL,NULL,NULL,NULL,'2018-04-22 09:36:08','2018-04-22 09:36:08'),(206,'海尔模卡（MOOKA）U55H3 ','【预约，4月23日2099限量抢】海尔匠心打造，互联网定制，55英寸客厅尊贵机皇，高颜值外观！55吋曲面性价比甄选戳这里',NULL,103,104,105,7817,NULL,NULL,NULL,NULL,'2018-12-24 20:02:27',NULL,NULL,NULL,NULL,NULL,NULL,'2018-04-22 09:57:44','2018-04-29 09:38:48'),(207,'oopp2','ppoo',NULL,74,75,76,2032,NULL,NULL,NULL,NULL,'2018-12-24 20:02:27',NULL,NULL,NULL,NULL,NULL,NULL,'2018-04-29 09:46:15','2018-04-29 10:04:15'),(215,'黑马游戏手机2','流畅游戏体验，快到你不敢相信自己的手',NULL,74,75,76,325401,NULL,NULL,NULL,NULL,'2018-12-24 20:02:27',NULL,NULL,NULL,NULL,NULL,NULL,'2018-05-15 21:39:34','2018-05-15 23:59:27');

/*Table structure for table `tb_user` */

DROP TABLE IF EXISTS `tb_user`;

CREATE TABLE `tb_user` (
  `id` int(10) unsigned NOT NULL AUTO_INCREMENT,
  `created_at` timestamp NULL DEFAULT NULL,
  `updated_at` timestamp NULL DEFAULT NULL,
  `email` varchar(255) COLLATE utf8_unicode_ci DEFAULT NULL COMMENT 'Email',
  `mobile` varchar(20) COLLATE utf8_unicode_ci NOT NULL COMMENT '手机号码',
  `name` varchar(255) COLLATE utf8_unicode_ci NOT NULL COMMENT '昵称',
  `password` char(60) COLLATE utf8_unicode_ci NOT NULL COMMENT '密码',
  `face` varchar(255) COLLATE utf8_unicode_ci DEFAULT NULL COMMENT '头像',
  `expriece` int(10) unsigned DEFAULT '0' COMMENT '经验值',
  PRIMARY KEY (`id`) USING BTREE,
  UNIQUE KEY `users_mobile_unique` (`mobile`) USING BTREE,
  UNIQUE KEY `users_name_unique` (`name`) USING BTREE,
  UNIQUE KEY `users_email_unique` (`email`) USING BTREE
) ENGINE=InnoDB AUTO_INCREMENT=39 DEFAULT CHARSET=utf8 COLLATE=utf8_unicode_ci ROW_FORMAT=COMPACT;

/*Data for the table `tb_user` */

insert  into `tb_user`(`id`,`created_at`,`updated_at`,`email`,`mobile`,`name`,`password`,`face`,`expriece`) values (1,'2018-07-24 16:40:56','2018-08-04 16:40:59','abcdefg@126.com','13344445555','lily','123456','1.jpg',0),(2,'2018-06-20 11:13:34','2018-06-20 11:13:37','abcdefg6@126.com','13344445556','lucy','123456','2.jpg',0),(25,NULL,NULL,NULL,'15151772559','sinky','123456',NULL,NULL),(29,NULL,NULL,NULL,'123','大刀王五','wangwu',NULL,NULL),(30,NULL,NULL,'23131@fas.com','124443121','张三','13231',NULL,NULL),(33,NULL,NULL,NULL,'13786100417','admin','123456',NULL,NULL);

/*!40101 SET SQL_MODE=@OLD_SQL_MODE */;
/*!40014 SET FOREIGN_KEY_CHECKS=@OLD_FOREIGN_KEY_CHECKS */;
/*!40014 SET UNIQUE_CHECKS=@OLD_UNIQUE_CHECKS */;
/*!40111 SET SQL_NOTES=@OLD_SQL_NOTES */;
